id,label,exact_synonym,related_synonym,db_xref,definition,alternative_id,in_subset,obo_namespace,skos_exact_match,skos_narrow_match,comment,creation_date,child
DOID:0040087,autoimmune peripheral neuropathy,,,,An autoimmune disease of peripheral nervous system that results in peripheral neuropathy.,,http://purl.obolibrary.org/obo/doid#DO_IEDB_slim,disease_ontology,,,,,http://purl.obolibrary.org/obo/DOID_0040087
DOID:0040088,autoimmune uveitis,,,,"An autoimmune disease of eyes, ear, nose and throat that is located_in the uvea.",,http://purl.obolibrary.org/obo/doid#DO_IEDB_slim,disease_ontology,,,,,http://purl.obolibrary.org/obo/DOID_0040088
DOID:0040089,autoimmune optic neuritis,,,,An autoimmune disease of peripheral nervous system that is located_in the neuron projection bundle connecting eye with brain.,,http://purl.obolibrary.org/obo/doid#DO_IEDB_slim,disease_ontology,,,,,http://purl.obolibrary.org/obo/DOID_0040089
DOID:0040090,autoimmune gastritis,,,,An autoimmune disease of gastrointestinal tract that is located_in the stomach.,,http://purl.obolibrary.org/obo/doid#DO_IEDB_slim,disease_ontology,,,,,http://purl.obolibrary.org/obo/DOID_0040090
DOID:0040091,autoimmune pancreatitis,,,MESH:D000081012 | SNOMEDCT_US_2025_09_01:448542008 | UMLS_CUI:C2609129,An autoimmune disease of endocrine system that is located_in the pancreas.,,http://purl.obolibrary.org/obo/doid#DO_IEDB_slim,disease_ontology,MESH:D000081012,,,,http://purl.obolibrary.org/obo/DOID_0040091
DOID:0040092,juvenile ankylosing spondylitis,,,ICD10CM:M08.1 | NCI:C197919 | SNOMEDCT_US_2025_09_01:201802002 | UMLS_CUI:C0409675,An ankylosing spondylitis with onset during childhood.,,http://purl.obolibrary.org/obo/doid#DO_IEDB_slim,disease_ontology,,,,,http://purl.obolibrary.org/obo/DOID_0040092
DOID:0040093,drug-induced lupus erythematosus,DIL,,ICD10CM:M32.0 | MESH:C000730515 | NCI:C114354 | ORDO:231111 | SNOMEDCT_US_2025_09_01:80258006 | UMLS_CUI:C0263591,A lupus erythematosus caused by chronic use of certain drugs.,,http://purl.obolibrary.org/obo/doid#DO_IEDB_slim | http://purl.obolibrary.org/obo/doid#DO_rare_slim | http://purl.obolibrary.org/obo/doid#NCIthesaurus,disease_ontology,,,,,http://purl.obolibrary.org/obo/DOID_0040093
DOID:0040093,drug-induced lupus erythematosus,DILE,,ICD10CM:M32.0 | MESH:C000730515 | NCI:C114354 | ORDO:231111 | SNOMEDCT_US_2025_09_01:80258006 | UMLS_CUI:C0263591,A lupus erythematosus caused by chronic use of certain drugs.,,http://purl.obolibrary.org/obo/doid#DO_IEDB_slim | http://purl.obolibrary.org/obo/doid#DO_rare_slim | http://purl.obolibrary.org/obo/doid#NCIthesaurus,disease_ontology,,,,,http://purl.obolibrary.org/obo/DOID_0040093
DOID:0040094,autoimmune glomerulonephritis,,,,An autoimmune disease of urogenital tract that is located_in the renal glomerulus.,DOID:0050146,http://purl.obolibrary.org/obo/doid#DO_IEDB_slim,disease_ontology,,,,,http://purl.obolibrary.org/obo/DOID_0040094
DOID:0040095,autoimmune cardiomyopathy,,,,An autoimmune disease of cardiovascular system that is characterized by deterioration of the function of the heart muscle.,,http://purl.obolibrary.org/obo/doid#DO_IEDB_slim,disease_ontology,,,,,http://purl.obolibrary.org/obo/DOID_0040095
DOID:0040096,autoimmune atherosclerosis,,,,An autoimmune disease of cardiovascular system that is characterized by a build up of plaque in the arteries.,,http://purl.obolibrary.org/obo/doid#DO_IEDB_slim,disease_ontology,,,,,http://purl.obolibrary.org/obo/DOID_0040096
DOID:0040097,autoimmune vasculitis,,,SNOMEDCT_US_2025_09_01:427213005 | UMLS_CUI:C1328843,An autoimmune disease of cardiovascular system that is characterized by inflammation of the blood vessels.,,http://purl.obolibrary.org/obo/doid#DO_IEDB_slim,disease_ontology,,,,,http://purl.obolibrary.org/obo/DOID_0040097
DOID:0040098,pemphigus gestationis,,,ICD10CM:O26.4,A pemphigus that is characterized by blistered skin as a result of self-reactive T and B cells that target BP180.,,http://purl.obolibrary.org/obo/doid#DO_IEDB_slim,disease_ontology,,,,,http://purl.obolibrary.org/obo/DOID_0040098
DOID:0040100,Hirata disease,insulin autoimmune syndrome,,SNOMEDCT_US_2025_09_01:408539000 | UMLS_CUI:C0854359,An autoimmune disease of endocrine system characterized by hypoglycemia caused by antibodies to insulin.,,http://purl.obolibrary.org/obo/doid#DO_IEDB_slim,disease_ontology,,,,,http://purl.obolibrary.org/obo/DOID_0040100
DOID:0050167,autoimmune polyendocrine syndrome type 1,Autoimmune Polyglandular Syndrome I,,GARD:8466 | MIM:240300,"An autoimmune polyendocrine syndrome that is inherited in an autosomal recessive fashion, which is characterized by abnormal functioning of the immune system that causes auto-reactivity against endocrine organs.",,http://purl.obolibrary.org/obo/doid#DO_rare_slim,disease_ontology,,,,,http://purl.obolibrary.org/obo/DOID_0050167
DOID:0050167,autoimmune polyendocrine syndrome type 1,Whitaker syndrome,,GARD:8466 | MIM:240300,"An autoimmune polyendocrine syndrome that is inherited in an autosomal recessive fashion, which is characterized by abnormal functioning of the immune system that causes auto-reactivity against endocrine organs.",,http://purl.obolibrary.org/obo/doid#DO_rare_slim,disease_ontology,,,,,http://purl.obolibrary.org/obo/DOID_0050167
DOID:0050167,autoimmune polyendocrine syndrome type 1,autoimmune polyendocrinopathy-candidiasis-ectodermal dystrophy,,GARD:8466 | MIM:240300,"An autoimmune polyendocrine syndrome that is inherited in an autosomal recessive fashion, which is characterized by abnormal functioning of the immune system that causes auto-reactivity against endocrine organs.",,http://purl.obolibrary.org/obo/doid#DO_rare_slim,disease_ontology,,,,,http://purl.obolibrary.org/obo/DOID_0050167
DOID:0050168,autoimmune polyendocrine syndrome type 2,Schmidt syndrome,,GARD:7611 | MIM:269200,An autoimmune polyendocrine syndrome that is characterized by abnormal functioning of the immune system that causes auto-reactivity against endocrine organs. It is more heterogeneous and has not been linked to one gene.,,http://purl.obolibrary.org/obo/doid#DO_rare_slim,disease_ontology,,,,,http://purl.obolibrary.org/obo/DOID_0050168
DOID:0050169,cutaneous lupus erythematosus,,,GARD:6225,A lupus erythematosus that causes skin lesions on parts of the body that are exposed to sunlight.,,http://purl.obolibrary.org/obo/doid#DO_rare_slim,disease_ontology,,,,,http://purl.obolibrary.org/obo/DOID_0050169
DOID:0050214,Lambert-Eaton myasthenic syndrome,Eaton-Lambert syndrome,,ICD10CM:G70.80 | ICD9CM:358.3 | MESH:D015624 | NCI:C3155 | SNOMEDCT_US_2025_09_01:230688006 | UMLS_CUI:C0022972,A neuromuscular junction disease that is characterized by an abnormality of acetylcholine (ACh) release at the neuromuscular junction which results from an autoimmune attack against voltage-gated calcium channels (VGCC) on the presynaptic motor nerve terminal.,,http://purl.obolibrary.org/obo/doid#NCIthesaurus,disease_ontology,,,,,http://purl.obolibrary.org/obo/DOID_0050214
DOID:0050214,Lambert-Eaton myasthenic syndrome,LEMS,,ICD10CM:G70.80 | ICD9CM:358.3 | MESH:D015624 | NCI:C3155 | SNOMEDCT_US_2025_09_01:230688006 | UMLS_CUI:C0022972,A neuromuscular junction disease that is characterized by an abnormality of acetylcholine (ACh) release at the neuromuscular junction which results from an autoimmune attack against voltage-gated calcium channels (VGCC) on the presynaptic motor nerve terminal.,,http://purl.obolibrary.org/obo/doid#NCIthesaurus,disease_ontology,,,,,http://purl.obolibrary.org/obo/DOID_0050214
DOID:0050214,Lambert-Eaton myasthenic syndrome,Lambert-Eaton syndrome,,ICD10CM:G70.80 | ICD9CM:358.3 | MESH:D015624 | NCI:C3155 | SNOMEDCT_US_2025_09_01:230688006 | UMLS_CUI:C0022972,A neuromuscular junction disease that is characterized by an abnormality of acetylcholine (ACh) release at the neuromuscular junction which results from an autoimmune attack against voltage-gated calcium channels (VGCC) on the presynaptic motor nerve terminal.,,http://purl.obolibrary.org/obo/doid#NCIthesaurus,disease_ontology,,,,,http://purl.obolibrary.org/obo/DOID_0050214
DOID:0050429,Hailey-Hailey disease,BENIGN CHRONIC PEMPHIGUS,,GARD:6559 | ICD10CM:Q82.8 | MESH:D016506 | MIM:169600 | NCI:C82865 | SNOMEDCT_US_2025_09_01:79468000 | UMLS_CUI:C0085106,"A pemphigus that is characterized by recurring blistering most commonly occurring in the folds of the skin, particularly the groin and axillary regions, and has_material_basis_in mutations in the ATP2C1 gene that result in loss of adhesion within the skin. Other sites of the body, such as the neck, perianal, and submammary regions, may likewise be affected.",,http://purl.obolibrary.org/obo/doid#DO_rare_slim | http://purl.obolibrary.org/obo/doid#NCIthesaurus,disease_ontology,,,OMIM mapping confirmed by DO. [SN].,,http://purl.obolibrary.org/obo/DOID_0050429
DOID:0050429,Hailey-Hailey disease,"Pemphigus, Benign Familial",,GARD:6559 | ICD10CM:Q82.8 | MESH:D016506 | MIM:169600 | NCI:C82865 | SNOMEDCT_US_2025_09_01:79468000 | UMLS_CUI:C0085106,"A pemphigus that is characterized by recurring blistering most commonly occurring in the folds of the skin, particularly the groin and axillary regions, and has_material_basis_in mutations in the ATP2C1 gene that result in loss of adhesion within the skin. Other sites of the body, such as the neck, perianal, and submammary regions, may likewise be affected.",,http://purl.obolibrary.org/obo/doid#DO_rare_slim | http://purl.obolibrary.org/obo/doid#NCIthesaurus,disease_ontology,,,OMIM mapping confirmed by DO. [SN].,,http://purl.obolibrary.org/obo/DOID_0050429
DOID:0050783,secondary progressive multiple sclerosis,SPMS,,ICD10CM:G35.C | MESH:D020528 | SNOMEDCT_US_2025_09_01:425500002 | UMLS_CUI:C0751965,"A multiple sclerosis that is characterized by a worsening of disability, rather than by relapses followed by recovery, which progressively worsens until a steady progression of disability replaces the cycles of attacks.",,,disease_ontology,,MESH:D020528,,2013-11-07T11:22:49Z,http://purl.obolibrary.org/obo/DOID_0050783
DOID:0050783,secondary progressive multiple sclerosis,Secondary-progressive MS,,ICD10CM:G35.C | MESH:D020528 | SNOMEDCT_US_2025_09_01:425500002 | UMLS_CUI:C0751965,"A multiple sclerosis that is characterized by a worsening of disability, rather than by relapses followed by recovery, which progressively worsens until a steady progression of disability replaces the cycles of attacks.",,,disease_ontology,,MESH:D020528,,2013-11-07T11:22:49Z,http://purl.obolibrary.org/obo/DOID_0050783
DOID:0050784,primary progressive multiple sclerosis,PPMS,,MESH:D020528 | ICD10CM:G35.B | SNOMEDCT_US_2025_09_01:428700003 | UMLS_CUI:C0751964,"A multiple sclerosis that is characterized by steady worsening of neurologic functioning, without any distinct relapses or periods of remission. The rate of progression may vary over time, with occasional plateaus or temporary improvements, but the progression is continuous.",,,disease_ontology,,MESH:D020528,,2013-11-07T11:26:58Z,http://purl.obolibrary.org/obo/DOID_0050784
DOID:0050784,primary progressive multiple sclerosis,Primary-progressive MS,,MESH:D020528 | ICD10CM:G35.B | SNOMEDCT_US_2025_09_01:428700003 | UMLS_CUI:C0751964,"A multiple sclerosis that is characterized by steady worsening of neurologic functioning, without any distinct relapses or periods of remission. The rate of progression may vary over time, with occasional plateaus or temporary improvements, but the progression is continuous.",,,disease_ontology,,MESH:D020528,,2013-11-07T11:26:58Z,http://purl.obolibrary.org/obo/DOID_0050784
DOID:0050785,progressive relapsing multiple sclerosis,PRMS,,MESH:D020528 | SNOMEDCT_US_2025_09_01:724778008 | UMLS_CUI:C0393666,A multiple sclerosis that is characterized by steadily worsening symptoms and attacks during periods of remission with disease progression from the onset.,,,disease_ontology,,MESH:D020528,,2013-11-07T11:32:37Z,http://purl.obolibrary.org/obo/DOID_0050785
DOID:0050785,progressive relapsing multiple sclerosis,Progressive-relapsing MS,,MESH:D020528 | SNOMEDCT_US_2025_09_01:724778008 | UMLS_CUI:C0393666,A multiple sclerosis that is characterized by steadily worsening symptoms and attacks during periods of remission with disease progression from the onset.,,,disease_ontology,,MESH:D020528,,2013-11-07T11:32:37Z,http://purl.obolibrary.org/obo/DOID_0050785
DOID:0060004,autoimmune disease of central nervous system,,,,An autoimmune hypersensitivity disease located_in the central nervous system.,,,disease_ontology,,,,,http://purl.obolibrary.org/obo/DOID_0060004
DOID:0060005,autoimmune disease of endocrine system,,,,An autoimmune disease that is the abnormal functioning of the immune system resulting in production of antibodies or T cells against cells and/or tissues in the endocrine system.,,,disease_ontology,,,,,http://purl.obolibrary.org/obo/DOID_0060005
DOID:0060029,autoimmune disease of exocrine system,,,,An autoimmune disease that is the abnormal functioning of the immune system that causes your immune system to produce antibodies or T cells against cells and/or tissues in the exocrine system.,,,disease_ontology,,,,,http://purl.obolibrary.org/obo/DOID_0060029
DOID:0060030,"autoimmune disease of eyes, ear, nose and throat",,,,"An autoimmune disease located_in eyes, located_in ears, located_in nose and located_in throat.",,,disease_ontology,,,,,http://purl.obolibrary.org/obo/DOID_0060030
DOID:0060031,autoimmune disease of gastrointestinal tract,,,,An autoimmune disease that is the abnormal functioning of the immune system that causes your immune system to produce antibodies or T cells against cells and/or tissues in the gastrointestinal tract.,,,disease_ontology,,,,,http://purl.obolibrary.org/obo/DOID_0060031
DOID:0060032,autoimmune disease of musculoskeletal system,,,,An autoimmune disease that is the abnormal functioning of the immune system that causes your immune system to produce antibodies or T cells against cells and/or tissues in the musculoskeletal system.,,,disease_ontology,,,,,http://purl.obolibrary.org/obo/DOID_0060032
DOID:0060033,autoimmune disease of peripheral nervous system,,,,An autoimmune disease of the nervous system that is the abnormal functioning of the immune system that causes your immune system to produce antibodies or T cells against cells and/or tissues in the peripheral nervous system.,,,disease_ontology,,,,,http://purl.obolibrary.org/obo/DOID_0060033
DOID:0060039,autoimmune disease of skin and connective tissue,,,,An autoimmune disease that is the abnormal functioning of the immune system that causes your immune system to produce antibodies or T cells against cells and/or tissues in the skin and connective tissue.,,,disease_ontology,,,,,http://purl.obolibrary.org/obo/DOID_0060039
DOID:0060049,autoimmune disease of urogenital tract,,,,An autoimmune disease that is the abnormal functioning of the immune system that causes your immune system to produce antibodies or T cells against cells and/or tissues in the urogenital tract.,,,disease_ontology,,,,,http://purl.obolibrary.org/obo/DOID_0060049
DOID:0060050,autoimmune disease of blood,,,,An autoimmune disease that is the abnormal functioning of the immune system that causes your immune system to produce antibodies or T cells against cells and/or tissues in the blood.,,http://purl.obolibrary.org/obo/doid#DO_FlyBase_slim,disease_ontology,,,,,http://purl.obolibrary.org/obo/DOID_0060050
DOID:0060051,autoimmune disease of cardiovascular system,,,,An autoimmune disease that is the abnormal functioning of the immune system that causes your immune system to produce antibodies or T cells against cells and/or tissues in the cardiovascular system.,,,disease_ontology,,,,,http://purl.obolibrary.org/obo/DOID_0060051
DOID:0060157,diffuse alopecia areata,,,SNOMEDCT_US_2025_09_01:46586006 | UMLS_CUI:C0263479,An alopecia areata that involves diffuse loss of hair over the whole scalp.,,,disease_ontology,,,,2011-08-22T03:45:02Z,http://purl.obolibrary.org/obo/DOID_0060157
DOID:0060215,Balo concentric sclerosis,Balo disease,,GARD:5885 | ICD10CM:G37.0 | ICD9CM:341.1 | MESH:D002549 | NCI:C84670 | SNOMEDCT_US_2025_09_01:44875002 | UMLS_CUI:C0007795,"A multiple sclerosis that is characterized by concentric layers of demyelinated tissues, tumor-like lesions larger than two centimeters and symptoms similar to those of a brain tumor.",,http://purl.obolibrary.org/obo/doid#DO_rare_slim | http://purl.obolibrary.org/obo/doid#NCIthesaurus,disease_ontology,,,Similar to standard multiple sclerosis.,2014-09-18T15:02:17Z,http://purl.obolibrary.org/obo/DOID_0060215
DOID:0060215,Balo concentric sclerosis,Balo's concentric sclerosis,,GARD:5885 | ICD10CM:G37.0 | ICD9CM:341.1 | MESH:D002549 | NCI:C84670 | SNOMEDCT_US_2025_09_01:44875002 | UMLS_CUI:C0007795,"A multiple sclerosis that is characterized by concentric layers of demyelinated tissues, tumor-like lesions larger than two centimeters and symptoms similar to those of a brain tumor.",,http://purl.obolibrary.org/obo/doid#DO_rare_slim | http://purl.obolibrary.org/obo/doid#NCIthesaurus,disease_ontology,,,Similar to standard multiple sclerosis.,2014-09-18T15:02:17Z,http://purl.obolibrary.org/obo/DOID_0060215
DOID:0060215,Balo concentric sclerosis,Tumefactive multiple sclerosis,,GARD:5885 | ICD10CM:G37.0 | ICD9CM:341.1 | MESH:D002549 | NCI:C84670 | SNOMEDCT_US_2025_09_01:44875002 | UMLS_CUI:C0007795,"A multiple sclerosis that is characterized by concentric layers of demyelinated tissues, tumor-like lesions larger than two centimeters and symptoms similar to those of a brain tumor.",,http://purl.obolibrary.org/obo/doid#DO_rare_slim | http://purl.obolibrary.org/obo/doid#NCIthesaurus,disease_ontology,,,Similar to standard multiple sclerosis.,2014-09-18T15:02:17Z,http://purl.obolibrary.org/obo/DOID_0060215
DOID:0060386,Chilblain lupus,,,MESH:C535924 | MIM:610448 | MIM:614415 | ORDO:90280 | UMLS_CUI:C0024145,"A cutaneous form of systemic lupus erythermatosus that is characterized by painful nodular skin lesions precipitated by variation in temperatures, has_material_basis_in autosomal dominant inheritance of mutation in the TREX1 gene.",,http://purl.obolibrary.org/obo/doid#DO_rare_slim,disease_ontology,,,,2015-09-22T17:10:37Z,http://purl.obolibrary.org/obo/DOID_0060386
DOID:0060499,autoimmune neuropathy,,,,An autoimmune disease of central nervous system caused by an autoimmune response.,,,disease_ontology,,,,,http://purl.obolibrary.org/obo/DOID_0060499
DOID:0060851,pemphigus vulgaris,familial pemphigus vulgaris,,GARD:7355 | ICD10CM:L10.0 | MESH:D010392 | MIM:169610 | NCI:C34910 | ORDO:704 | SNOMEDCT_US_2025_09_01:49420001 | UMLS_CUI:C0030809,A pemphigus characterized by autosomal dominant blisters and erosions on the skin and mucous membranes erosions cause by autoantibodies to intercellular cement substance.,,http://purl.obolibrary.org/obo/doid#DO_rare_slim | http://purl.obolibrary.org/obo/doid#NCIthesaurus,disease_ontology,,,,,http://purl.obolibrary.org/obo/DOID_0060851
DOID:0061159,infantile onset multisystem autoimmune disease,,,MIM:PS615952,An autoimmune disease characterized by systemic autoimmune manifestations with infantile onset.,,,disease_ontology,,,,,http://purl.obolibrary.org/obo/DOID_0061159
DOID:0061160,infantile onset multisystem autoimmune disease 1,,,MIM:615952,An infantile onset multisystem autoimmune disease characterized by early childhood onset of a spectrum of autoimmune disorders affecting multiple organs that has_material_basis_in heterozygous gain of function mutation in the STAT3 gene on chromosome 17q21.,,,disease_ontology,,,,,http://purl.obolibrary.org/obo/DOID_0061160
DOID:0061161,infantile onset multisystem autoimmune disease 2,,,MIM:617006,An infantile onset multisystem autoimmune disease that has_material_basis_in compound heterozygous mutation in the ZAP70 gene on chromosome 2q12.,,,disease_ontology,,,,,http://purl.obolibrary.org/obo/DOID_0061161
DOID:0061162,infantile onset multisystem autoimmune disease 3,,,MIM:620430,An infantile onset multisystem autoimmune disease characterized by the onset of various systemic autoimmune manifestations in the first months or years of life that has_material_basis_in homozygous mutation in the CBLB gene on chromosome 3q13.,,,disease_ontology,,,,,http://purl.obolibrary.org/obo/DOID_0061162
DOID:0061163,infantile onset multisystem autoimmune disease 4,,,MIM:621004,An infantile onset multisystem autoimmune disease characterized by onset of various autoimmune diseases in early childhood that has_material_basis_in homozygous mutation in the PDCD1 gene on chromosome 2q37.,,,disease_ontology,,,,,http://purl.obolibrary.org/obo/DOID_0061163
DOID:0061164,infantile onset multisystem autoimmune disease 5,,,MIM:621235,An infantile onset multisystem autoimmune disease characterized predominantly by neonatal-onset type 1 diabetes mellitus due to complete insulin deficiency that has_material_basis_in homozygous mutation in the PDL1 gene on chromosome 9p24.,,,disease_ontology,,,,,http://purl.obolibrary.org/obo/DOID_0061164
DOID:0080356,IgG4-related disease,,,GARD:12521 | ORDO:284264,"An autoimmune disease that is characterized by tumefactive lesions, a dense lymphoplasmacytic infiltrate rich in IgG4-positive plasma cells, storiform fibrosis, obliterative phlebitis, autoimmune pancreatitis, and sometimes elevated serum IgG4 levels affecting various organs.",,http://purl.obolibrary.org/obo/doid#DO_rare_slim,disease_ontology,,,,,http://purl.obolibrary.org/obo/DOID_0080356
DOID:0080603,ankylosing spondylitis 1,,,MIM:106300,A ankylosing spondylitis that has_material_basis_in variation in the HLA-B27 allele on chromosome 6p21.3.,,,disease_ontology,,,,,http://purl.obolibrary.org/obo/DOID_0080603
DOID:0080604,ankylosing spondylitis 2,,,MIM:183840,A ankylosing spondylitis that has_material_basis_in variation in the HLA-B27 allele on chromosome 9q31-q34.,,,disease_ontology,,,,,http://purl.obolibrary.org/obo/DOID_0080604
DOID:0080605,ankylosing spondylitis 3,,,MIM:613238,A ankylosing spondylitis that has_material_basis_in variation in the HLA-B allele on chromosome 2q36.1-q36.3.,,,disease_ontology,,,,,http://purl.obolibrary.org/obo/DOID_0080605
DOID:0080742,autoimmune cholangitis,autoimmune cholangiopathy,,,"An autoimmune hepatitis that is characterized by primary biliary cirrhosis clinical, biochemical, and histologic characteristics with antinuclear antibody positive sera.",,,disease_ontology,,,,,http://purl.obolibrary.org/obo/DOID_0080742
DOID:0080744,antisynthetase syndrome,,,GARD:735 | MESH:C537778 | ORDO:81,"An autoimmune disease that is characterized by myositis, arthralgia, Raynaud phenomenon, mechanic hands, interstitial lung disease, and serum autoantibodies to aminoacyl transfer RNA synthetases.",,http://purl.obolibrary.org/obo/doid#DO_rare_slim,disease_ontology,MESH:C537778,,,,http://purl.obolibrary.org/obo/DOID_0080744
DOID:0080767,autoimmune myocarditis,,,GARD:9519,An autoimmune disease of cardiovascular system that is characterized by inflammation of the heart muscle.,,http://purl.obolibrary.org/obo/doid#DO_rare_slim,disease_ontology,,,,,http://purl.obolibrary.org/obo/DOID_0080767
DOID:0080841,pemphigoid,,,,"An autoimmune disease of skin and connective tissue that is characterized by subepidermal blistering especially in the lower abdomen, groin, and flexor surfaces of the extremities, creating tense blisters that do not break easily.",,,disease_ontology,,,,,http://purl.obolibrary.org/obo/DOID_0080841
DOID:0080850,pemphigus foliaceus,pemphigus foliaceous,,MESH:D010392 | GARD:7354 | ICD10CM:L10.2 | ORDO:79481 | SNOMEDCT_US_2025_09_01:35154004 | UMLS_CUI:C0263313,A pemphigus that is characterized by blistering lesions on otherwise healthy-looking skin.,,http://purl.obolibrary.org/obo/doid#DO_rare_slim,disease_ontology,,,,,http://purl.obolibrary.org/obo/DOID_0080850
DOID:0080851,IgA pemphigus,,,SNOMEDCT_US_2025_09_01:402717008 | UMLS_CUI:C1274167,A pemphigus that is characterized by painful and pruritic vesiculopustular eruptions. These eruptions form as a result of circulating IgA antibodies against keratinocyte cell surface components responsible for cell to cell adherence.,,,disease_ontology,,,,,http://purl.obolibrary.org/obo/DOID_0080851
DOID:0080852,paraneoplastic pemphigus,,,ICD10CM:L10.81 | UMLS_CUI:C1112570,"A pemphigus that is characterized by painful blisters and denuded areas of the mouth, lips, oesophagus and skin.",,,disease_ontology,,,,,http://purl.obolibrary.org/obo/DOID_0080852
DOID:0081120,Graves ophthalmopathy,Graves orbitopathy,,MESH:D049970,"An autoimmune disease of eyes, ear, nose and throat that is characterized by upper eyelid retraction, lid lag, swelling, redness, conjunctivitis, and bulging eyes.",,,disease_ontology,,,,,http://purl.obolibrary.org/obo/DOID_0081120
DOID:0081120,Graves ophthalmopathy,Thyroid associated ophthalmopathy,,MESH:D049970,"An autoimmune disease of eyes, ear, nose and throat that is characterized by upper eyelid retraction, lid lag, swelling, redness, conjunctivitis, and bulging eyes.",,,disease_ontology,,,,,http://purl.obolibrary.org/obo/DOID_0081120
DOID:0081120,Graves ophthalmopathy,thyroid eye disease,,MESH:D049970,"An autoimmune disease of eyes, ear, nose and throat that is characterized by upper eyelid retraction, lid lag, swelling, redness, conjunctivitis, and bulging eyes.",,,disease_ontology,,,,,http://purl.obolibrary.org/obo/DOID_0081120
DOID:0081242,"autoimmune interstitial lung, joint, and kidney disease",Autoimmune interstitial lung disease-arthritis syndrome,,MIM:616414 | ORDO:444092,"An autoimmune disease that is characterized by interstitial lung disease, inflammatory arthritis, and immune complex-mediated renal disease and that has_material_basis_in heterozygous mutation in the COPA gene on chromosome 1q23.",,http://purl.obolibrary.org/obo/doid#DO_rare_slim,disease_ontology,,,,,http://purl.obolibrary.org/obo/DOID_0081242
DOID:0081242,"autoimmune interstitial lung, joint, and kidney disease",COPA syndrome,,MIM:616414 | ORDO:444092,"An autoimmune disease that is characterized by interstitial lung disease, inflammatory arthritis, and immune complex-mediated renal disease and that has_material_basis_in heterozygous mutation in the COPA gene on chromosome 1q23.",,http://purl.obolibrary.org/obo/doid#DO_rare_slim,disease_ontology,,,,,http://purl.obolibrary.org/obo/DOID_0081242
DOID:0081242,"autoimmune interstitial lung, joint, and kidney disease","autoinflammation and autoimmunity, Systemic with immune dysregulation",,MIM:616414 | ORDO:444092,"An autoimmune disease that is characterized by interstitial lung disease, inflammatory arthritis, and immune complex-mediated renal disease and that has_material_basis_in heterozygous mutation in the COPA gene on chromosome 1q23.",,http://purl.obolibrary.org/obo/doid#DO_rare_slim,disease_ontology,,,,,http://purl.obolibrary.org/obo/DOID_0081242
DOID:0081242,"autoimmune interstitial lung, joint, and kidney disease",systemic autoinflammation and autoimmunity with immune dysregulation 1,,MIM:616414 | ORDO:444092,"An autoimmune disease that is characterized by interstitial lung disease, inflammatory arthritis, and immune complex-mediated renal disease and that has_material_basis_in heterozygous mutation in the COPA gene on chromosome 1q23.",,http://purl.obolibrary.org/obo/doid#DO_rare_slim,disease_ontology,,,,,http://purl.obolibrary.org/obo/DOID_0081242
DOID:0081451,PFAPA syndrome,Marshall syndrome with periodic fever,,GARD:5657 | ORDO:42642,"An autoimmune disease that is characterized by recurrent febrile episodes associated with aphthous stomatitis, pharyngitis and cervical adenitis.",,http://purl.obolibrary.org/obo/doid#DO_rare_slim,disease_ontology,,,,,http://purl.obolibrary.org/obo/DOID_0081451
DOID:0081451,PFAPA syndrome,Periodic fever-aphtous stomatitis-pharyngitis-adenopathy syndrome,,GARD:5657 | ORDO:42642,"An autoimmune disease that is characterized by recurrent febrile episodes associated with aphthous stomatitis, pharyngitis and cervical adenitis.",,http://purl.obolibrary.org/obo/doid#DO_rare_slim,disease_ontology,,,,,http://purl.obolibrary.org/obo/DOID_0081451
DOID:0090029,CINCA Syndrome,IOMID syndrome,,ICD10CM:E85.0 | MIM:607115 | ORDO:1451,"An autoimmune disease characterized by neonatal onset of cutaneous symptoms, chronic meningitis, and joint manifestations with recurrent fever and inflammation that has_material_basis_in heterozygous mutation in the NLRP3 gene on chromosome 1q.",,http://purl.obolibrary.org/obo/doid#DO_rare_slim,disease_ontology,,,,,http://purl.obolibrary.org/obo/DOID_0090029
DOID:0090029,CINCA Syndrome,NOMID syndrome,,ICD10CM:E85.0 | MIM:607115 | ORDO:1451,"An autoimmune disease characterized by neonatal onset of cutaneous symptoms, chronic meningitis, and joint manifestations with recurrent fever and inflammation that has_material_basis_in heterozygous mutation in the NLRP3 gene on chromosome 1q.",,http://purl.obolibrary.org/obo/doid#DO_rare_slim,disease_ontology,,,,,http://purl.obolibrary.org/obo/DOID_0090029
DOID:0090029,CINCA Syndrome,Prieur-Griscelli syndrome,,ICD10CM:E85.0 | MIM:607115 | ORDO:1451,"An autoimmune disease characterized by neonatal onset of cutaneous symptoms, chronic meningitis, and joint manifestations with recurrent fever and inflammation that has_material_basis_in heterozygous mutation in the NLRP3 gene on chromosome 1q.",,http://purl.obolibrary.org/obo/doid#DO_rare_slim,disease_ontology,,,,,http://purl.obolibrary.org/obo/DOID_0090029
DOID:0090029,CINCA Syndrome,chronic infantile neurological cutaneous articular syndrome,,ICD10CM:E85.0 | MIM:607115 | ORDO:1451,"An autoimmune disease characterized by neonatal onset of cutaneous symptoms, chronic meningitis, and joint manifestations with recurrent fever and inflammation that has_material_basis_in heterozygous mutation in the NLRP3 gene on chromosome 1q.",,http://purl.obolibrary.org/obo/doid#DO_rare_slim,disease_ontology,,,,,http://purl.obolibrary.org/obo/DOID_0090029
DOID:0090029,CINCA Syndrome,chronic neurologic cutaneous and articular syndrome,,ICD10CM:E85.0 | MIM:607115 | ORDO:1451,"An autoimmune disease characterized by neonatal onset of cutaneous symptoms, chronic meningitis, and joint manifestations with recurrent fever and inflammation that has_material_basis_in heterozygous mutation in the NLRP3 gene on chromosome 1q.",,http://purl.obolibrary.org/obo/doid#DO_rare_slim,disease_ontology,,,,,http://purl.obolibrary.org/obo/DOID_0090029
DOID:0090029,CINCA Syndrome,cryopyrin-associated periodic syndrome 3,,ICD10CM:E85.0 | MIM:607115 | ORDO:1451,"An autoimmune disease characterized by neonatal onset of cutaneous symptoms, chronic meningitis, and joint manifestations with recurrent fever and inflammation that has_material_basis_in heterozygous mutation in the NLRP3 gene on chromosome 1q.",,http://purl.obolibrary.org/obo/doid#DO_rare_slim,disease_ontology,,,,,http://purl.obolibrary.org/obo/DOID_0090029
DOID:0090029,CINCA Syndrome,infantile-onset multisystem inflammatory disease,,ICD10CM:E85.0 | MIM:607115 | ORDO:1451,"An autoimmune disease characterized by neonatal onset of cutaneous symptoms, chronic meningitis, and joint manifestations with recurrent fever and inflammation that has_material_basis_in heterozygous mutation in the NLRP3 gene on chromosome 1q.",,http://purl.obolibrary.org/obo/doid#DO_rare_slim,disease_ontology,,,,,http://purl.obolibrary.org/obo/DOID_0090029
DOID:0090029,CINCA Syndrome,neonatal-onset multisystem inflammatory disease,,ICD10CM:E85.0 | MIM:607115 | ORDO:1451,"An autoimmune disease characterized by neonatal onset of cutaneous symptoms, chronic meningitis, and joint manifestations with recurrent fever and inflammation that has_material_basis_in heterozygous mutation in the NLRP3 gene on chromosome 1q.",,http://purl.obolibrary.org/obo/doid#DO_rare_slim,disease_ontology,,,,,http://purl.obolibrary.org/obo/DOID_0090029
DOID:0090110,immune dysregulation-polyendocrinopathy-enteropathy-X-linked syndrome,Autoimmune enteropathy type 1,,GARD:1850 | ICD10CM:E31.0 | MESH:C580192 | MIM:304790 | ORDO:37042,"An autoimmune disease that is characterized by onset in infancy of refractory diarrhea, endocrinopathies, type 1 diabetes mellitus, and dermatitis that has_material_basis_in X-linked recessive mutation in the forkhead box P3 (FOXP3) gene on chromosome Xp11.",,http://purl.obolibrary.org/obo/doid#DO_rare_slim,disease_ontology,,,,,http://purl.obolibrary.org/obo/DOID_0090110
DOID:0090110,immune dysregulation-polyendocrinopathy-enteropathy-X-linked syndrome,DMSD,,GARD:1850 | ICD10CM:E31.0 | MESH:C580192 | MIM:304790 | ORDO:37042,"An autoimmune disease that is characterized by onset in infancy of refractory diarrhea, endocrinopathies, type 1 diabetes mellitus, and dermatitis that has_material_basis_in X-linked recessive mutation in the forkhead box P3 (FOXP3) gene on chromosome Xp11.",,http://purl.obolibrary.org/obo/doid#DO_rare_slim,disease_ontology,,,,,http://purl.obolibrary.org/obo/DOID_0090110
DOID:0090110,immune dysregulation-polyendocrinopathy-enteropathy-X-linked syndrome,IDDM-secretory diarrhea syndrome,,GARD:1850 | ICD10CM:E31.0 | MESH:C580192 | MIM:304790 | ORDO:37042,"An autoimmune disease that is characterized by onset in infancy of refractory diarrhea, endocrinopathies, type 1 diabetes mellitus, and dermatitis that has_material_basis_in X-linked recessive mutation in the forkhead box P3 (FOXP3) gene on chromosome Xp11.",,http://purl.obolibrary.org/obo/doid#DO_rare_slim,disease_ontology,,,,,http://purl.obolibrary.org/obo/DOID_0090110
DOID:0090110,immune dysregulation-polyendocrinopathy-enteropathy-X-linked syndrome,IPEX,,GARD:1850 | ICD10CM:E31.0 | MESH:C580192 | MIM:304790 | ORDO:37042,"An autoimmune disease that is characterized by onset in infancy of refractory diarrhea, endocrinopathies, type 1 diabetes mellitus, and dermatitis that has_material_basis_in X-linked recessive mutation in the forkhead box P3 (FOXP3) gene on chromosome Xp11.",,http://purl.obolibrary.org/obo/doid#DO_rare_slim,disease_ontology,,,,,http://purl.obolibrary.org/obo/DOID_0090110
DOID:0090110,immune dysregulation-polyendocrinopathy-enteropathy-X-linked syndrome,X-linked autoimmunity-allergic dysregulation syndrome,,GARD:1850 | ICD10CM:E31.0 | MESH:C580192 | MIM:304790 | ORDO:37042,"An autoimmune disease that is characterized by onset in infancy of refractory diarrhea, endocrinopathies, type 1 diabetes mellitus, and dermatitis that has_material_basis_in X-linked recessive mutation in the forkhead box P3 (FOXP3) gene on chromosome Xp11.",,http://purl.obolibrary.org/obo/doid#DO_rare_slim,disease_ontology,,,,,http://purl.obolibrary.org/obo/DOID_0090110
DOID:0090110,immune dysregulation-polyendocrinopathy-enteropathy-X-linked syndrome,XLAAD,,GARD:1850 | ICD10CM:E31.0 | MESH:C580192 | MIM:304790 | ORDO:37042,"An autoimmune disease that is characterized by onset in infancy of refractory diarrhea, endocrinopathies, type 1 diabetes mellitus, and dermatitis that has_material_basis_in X-linked recessive mutation in the forkhead box P3 (FOXP3) gene on chromosome Xp11.",,http://purl.obolibrary.org/obo/doid#DO_rare_slim,disease_ontology,,,,,http://purl.obolibrary.org/obo/DOID_0090110
DOID:0090110,immune dysregulation-polyendocrinopathy-enteropathy-X-linked syndrome,XPID,,GARD:1850 | ICD10CM:E31.0 | MESH:C580192 | MIM:304790 | ORDO:37042,"An autoimmune disease that is characterized by onset in infancy of refractory diarrhea, endocrinopathies, type 1 diabetes mellitus, and dermatitis that has_material_basis_in X-linked recessive mutation in the forkhead box P3 (FOXP3) gene on chromosome Xp11.",,http://purl.obolibrary.org/obo/doid#DO_rare_slim,disease_ontology,,,,,http://purl.obolibrary.org/obo/DOID_0090110
DOID:0090110,immune dysregulation-polyendocrinopathy-enteropathy-X-linked syndrome,"autoimmunity-immunodeficiency syndrome, X-linked",,GARD:1850 | ICD10CM:E31.0 | MESH:C580192 | MIM:304790 | ORDO:37042,"An autoimmune disease that is characterized by onset in infancy of refractory diarrhea, endocrinopathies, type 1 diabetes mellitus, and dermatitis that has_material_basis_in X-linked recessive mutation in the forkhead box P3 (FOXP3) gene on chromosome Xp11.",,http://purl.obolibrary.org/obo/doid#DO_rare_slim,disease_ontology,,,,,http://purl.obolibrary.org/obo/DOID_0090110
DOID:0090110,immune dysregulation-polyendocrinopathy-enteropathy-X-linked syndrome,"diabetes mellitus, congenital insulin-dependent, with fatal secretory diarrhea",,GARD:1850 | ICD10CM:E31.0 | MESH:C580192 | MIM:304790 | ORDO:37042,"An autoimmune disease that is characterized by onset in infancy of refractory diarrhea, endocrinopathies, type 1 diabetes mellitus, and dermatitis that has_material_basis_in X-linked recessive mutation in the forkhead box P3 (FOXP3) gene on chromosome Xp11.",,http://purl.obolibrary.org/obo/doid#DO_rare_slim,disease_ontology,,,,,http://purl.obolibrary.org/obo/DOID_0090110
DOID:0090110,immune dysregulation-polyendocrinopathy-enteropathy-X-linked syndrome,"diarrhea, polyendocrinopathy, fatal infection syndrome, X-linked",,GARD:1850 | ICD10CM:E31.0 | MESH:C580192 | MIM:304790 | ORDO:37042,"An autoimmune disease that is characterized by onset in infancy of refractory diarrhea, endocrinopathies, type 1 diabetes mellitus, and dermatitis that has_material_basis_in X-linked recessive mutation in the forkhead box P3 (FOXP3) gene on chromosome Xp11.",,http://purl.obolibrary.org/obo/doid#DO_rare_slim,disease_ontology,,,,,http://purl.obolibrary.org/obo/DOID_0090110
DOID:0090110,immune dysregulation-polyendocrinopathy-enteropathy-X-linked syndrome,"immunodeficiency, polyendocrinopathy, and enteropathy, X-linked",,GARD:1850 | ICD10CM:E31.0 | MESH:C580192 | MIM:304790 | ORDO:37042,"An autoimmune disease that is characterized by onset in infancy of refractory diarrhea, endocrinopathies, type 1 diabetes mellitus, and dermatitis that has_material_basis_in X-linked recessive mutation in the forkhead box P3 (FOXP3) gene on chromosome Xp11.",,http://purl.obolibrary.org/obo/doid#DO_rare_slim,disease_ontology,,,,,http://purl.obolibrary.org/obo/DOID_0090110
DOID:0090110,immune dysregulation-polyendocrinopathy-enteropathy-X-linked syndrome,"immunodysregulation, polyendocrinopathy, and enteropathy, X-Linked",,GARD:1850 | ICD10CM:E31.0 | MESH:C580192 | MIM:304790 | ORDO:37042,"An autoimmune disease that is characterized by onset in infancy of refractory diarrhea, endocrinopathies, type 1 diabetes mellitus, and dermatitis that has_material_basis_in X-linked recessive mutation in the forkhead box P3 (FOXP3) gene on chromosome Xp11.",,http://purl.obolibrary.org/obo/doid#DO_rare_slim,disease_ontology,,,,,http://purl.obolibrary.org/obo/DOID_0090110
DOID:0111457,STING-associated vasculopathy with onset in infancy,SAVI,,GARD:12357 | MIM:615934 | ORDO:425120,"An autoimmune disease of the cardiovascular system characterized by onset in infancy of autoinflammatory vasculopathy causing severe skin lesions, particularly affecting the face, ears, nose, and digits, and resulting in ulceration, eschar formation, necrosis, and, in some cases, amputation that has_material_basis_in heterozygous gain of function mutation in the TMEM173 gene on chromosome 5q31.",,http://purl.obolibrary.org/obo/doid#DO_rare_slim,disease_ontology,,,,,http://purl.obolibrary.org/obo/DOID_0111457
DOID:10608,celiac disease,celiac sprue,,EFO:0001060 | GARD:11998 | ICD10CM:K90.0 | ICD9CM:579.0 | MESH:D002446 | MIM:607202 | MIM:609754 | MIM:611598 | MIM:612005 | MIM:612006 | MIM:612007 | MIM:612008 | MIM:612009 | MIM:612011 | NCI:C26714 | ORDO:555 | SNOMEDCT_US_2025_09_01:197477005 | UMLS_CUI:C0007570,"An autoimmune disease of gastrointestinal tract that is caused by a reaction located_in small intestine to gliadin, a prolamin (gluten protein) found in wheat, and similar proteins found in the crops of the tribe Triticeae. The disease is associated with HLA-DQ gene. It has_symptom abdominal pain, has_symptom constipation, has_symptom diarrhea, has_symptom nausea and vomiting, and has_symptom loss of appetite.",,http://purl.obolibrary.org/obo/doid#DO_rare_slim | http://purl.obolibrary.org/obo/doid#NCIthesaurus,disease_ontology,,,Xref MGI. OMIM mapping confirmed by DO. [SN].,,http://purl.obolibrary.org/obo/DOID_10608
DOID:10608,celiac disease,coeliac disease,,EFO:0001060 | GARD:11998 | ICD10CM:K90.0 | ICD9CM:579.0 | MESH:D002446 | MIM:607202 | MIM:609754 | MIM:611598 | MIM:612005 | MIM:612006 | MIM:612007 | MIM:612008 | MIM:612009 | MIM:612011 | NCI:C26714 | ORDO:555 | SNOMEDCT_US_2025_09_01:197477005 | UMLS_CUI:C0007570,"An autoimmune disease of gastrointestinal tract that is caused by a reaction located_in small intestine to gliadin, a prolamin (gluten protein) found in wheat, and similar proteins found in the crops of the tribe Triticeae. The disease is associated with HLA-DQ gene. It has_symptom abdominal pain, has_symptom constipation, has_symptom diarrhea, has_symptom nausea and vomiting, and has_symptom loss of appetite.",,http://purl.obolibrary.org/obo/doid#DO_rare_slim | http://purl.obolibrary.org/obo/doid#NCIthesaurus,disease_ontology,,,Xref MGI. OMIM mapping confirmed by DO. [SN].,,http://purl.obolibrary.org/obo/DOID_10608
DOID:10608,celiac disease,idiopathic steatorrhea,,EFO:0001060 | GARD:11998 | ICD10CM:K90.0 | ICD9CM:579.0 | MESH:D002446 | MIM:607202 | MIM:609754 | MIM:611598 | MIM:612005 | MIM:612006 | MIM:612007 | MIM:612008 | MIM:612009 | MIM:612011 | NCI:C26714 | ORDO:555 | SNOMEDCT_US_2025_09_01:197477005 | UMLS_CUI:C0007570,"An autoimmune disease of gastrointestinal tract that is caused by a reaction located_in small intestine to gliadin, a prolamin (gluten protein) found in wheat, and similar proteins found in the crops of the tribe Triticeae. The disease is associated with HLA-DQ gene. It has_symptom abdominal pain, has_symptom constipation, has_symptom diarrhea, has_symptom nausea and vomiting, and has_symptom loss of appetite.",,http://purl.obolibrary.org/obo/doid#DO_rare_slim | http://purl.obolibrary.org/obo/doid#NCIthesaurus,disease_ontology,,,Xref MGI. OMIM mapping confirmed by DO. [SN].,,http://purl.obolibrary.org/obo/DOID_10608
DOID:11042,Felty's syndrome,Felty syndrome,,GARD:8234 | ICD10CM:M05.0 | ICD9CM:714.1 | MESH:D005258 | MIM:134750 | NCI:C84712 | SNOMEDCT_US_2025_09_01:57160007 | UMLS_CUI:C0015773,"An autoimmune disease that results_in rheumatoid arthritis, splenomegaly and neutropenia.",,http://purl.obolibrary.org/obo/doid#DO_rare_slim | http://purl.obolibrary.org/obo/doid#NCIthesaurus,disease_ontology,,,OMIM mapping confirmed by DO. [SN].,,http://purl.obolibrary.org/obo/DOID_11042
DOID:11042,Felty's syndrome,Rheumatoid arthritis with splenoadenomegaly and leukopenia,,GARD:8234 | ICD10CM:M05.0 | ICD9CM:714.1 | MESH:D005258 | MIM:134750 | NCI:C84712 | SNOMEDCT_US_2025_09_01:57160007 | UMLS_CUI:C0015773,"An autoimmune disease that results_in rheumatoid arthritis, splenomegaly and neutropenia.",,http://purl.obolibrary.org/obo/doid#DO_rare_slim | http://purl.obolibrary.org/obo/doid#NCIthesaurus,disease_ontology,,,OMIM mapping confirmed by DO. [SN].,,http://purl.obolibrary.org/obo/DOID_11042
DOID:11656,cicatricial pemphigoid,Cicatricial pemphigoid with ocular involvement,,GARD:5913 | ICD10CM:L12.1 | ICD9CM:694.6 | ICD9CM:694.61 | MESH:D010390 | MIM:164185 | NCI:C34907 | SNOMEDCT_US_2025_09_01:34250006 | SNOMEDCT_US_2025_09_01:76092003 | UMLS_CUI:C0030804 | UMLS_CUI:C0157721,A pemphigoid that is characterized by skin lesions and scaring and located_in mucous membranes and located_in skin.,DOID:11655,http://purl.obolibrary.org/obo/doid#DO_rare_slim | http://purl.obolibrary.org/obo/doid#NCIthesaurus,disease_ontology,,,,,http://purl.obolibrary.org/obo/DOID_11656
DOID:11656,cicatricial pemphigoid,Ocular pemphigoid,,GARD:5913 | ICD10CM:L12.1 | ICD9CM:694.6 | ICD9CM:694.61 | MESH:D010390 | MIM:164185 | NCI:C34907 | SNOMEDCT_US_2025_09_01:34250006 | SNOMEDCT_US_2025_09_01:76092003 | UMLS_CUI:C0030804 | UMLS_CUI:C0157721,A pemphigoid that is characterized by skin lesions and scaring and located_in mucous membranes and located_in skin.,DOID:11655,http://purl.obolibrary.org/obo/doid#DO_rare_slim | http://purl.obolibrary.org/obo/doid#NCIthesaurus,disease_ontology,,,,,http://purl.obolibrary.org/obo/DOID_11656
DOID:11656,cicatricial pemphigoid,benign mucous membrane pemphigoid,,GARD:5913 | ICD10CM:L12.1 | ICD9CM:694.6 | ICD9CM:694.61 | MESH:D010390 | MIM:164185 | NCI:C34907 | SNOMEDCT_US_2025_09_01:34250006 | SNOMEDCT_US_2025_09_01:76092003 | UMLS_CUI:C0030804 | UMLS_CUI:C0157721,A pemphigoid that is characterized by skin lesions and scaring and located_in mucous membranes and located_in skin.,DOID:11655,http://purl.obolibrary.org/obo/doid#DO_rare_slim | http://purl.obolibrary.org/obo/doid#NCIthesaurus,disease_ontology,,,,,http://purl.obolibrary.org/obo/DOID_11656
DOID:11656,cicatricial pemphigoid,benign mucous membrane pemphigoid with ocular involvement,,GARD:5913 | ICD10CM:L12.1 | ICD9CM:694.6 | ICD9CM:694.61 | MESH:D010390 | MIM:164185 | NCI:C34907 | SNOMEDCT_US_2025_09_01:34250006 | SNOMEDCT_US_2025_09_01:76092003 | UMLS_CUI:C0030804 | UMLS_CUI:C0157721,A pemphigoid that is characterized by skin lesions and scaring and located_in mucous membranes and located_in skin.,DOID:11655,http://purl.obolibrary.org/obo/doid#DO_rare_slim | http://purl.obolibrary.org/obo/doid#NCIthesaurus,disease_ontology,,,,,http://purl.obolibrary.org/obo/DOID_11656
DOID:11656,cicatricial pemphigoid,ocular pemphigus,,GARD:5913 | ICD10CM:L12.1 | ICD9CM:694.6 | ICD9CM:694.61 | MESH:D010390 | MIM:164185 | NCI:C34907 | SNOMEDCT_US_2025_09_01:34250006 | SNOMEDCT_US_2025_09_01:76092003 | UMLS_CUI:C0030804 | UMLS_CUI:C0157721,A pemphigoid that is characterized by skin lesions and scaring and located_in mucous membranes and located_in skin.,DOID:11655,http://purl.obolibrary.org/obo/doid#DO_rare_slim | http://purl.obolibrary.org/obo/doid#NCIthesaurus,disease_ontology,,,,,http://purl.obolibrary.org/obo/DOID_11656
DOID:12132,granulomatosis with polyangiitis,Necrotizing respiratory granulomatosis,,GARD:7880 | ICD10CM:M31.3 | ICD9CM:446.4 | MESH:D014890 | MIM:608710 | NCI:C3444 | SNOMEDCT_US_2025_09_01:195353004 | UMLS_CUI:C3495801,"An autoimmune disease that is characterized by necrotizing granulomatous inflammation of the upper and lower respiratory tract, glomerulonephritis, vasculitis, and the presence of antineutrophil cytoplasmatic autoantibodies (ANCAs) in patient sera, and is located_in lung, located_in kidney, located_in skin resulting from an autoimmune attack by antineutrophil cytoplasmic antibodies against small and medium-size blood vessels.",,http://purl.obolibrary.org/obo/doid#DO_rare_slim | http://purl.obolibrary.org/obo/doid#NCIthesaurus,disease_ontology,,,,,http://purl.obolibrary.org/obo/DOID_12132
DOID:12132,granulomatosis with polyangiitis,"Wegener granulomatosis, formerly",,GARD:7880 | ICD10CM:M31.3 | ICD9CM:446.4 | MESH:D014890 | MIM:608710 | NCI:C3444 | SNOMEDCT_US_2025_09_01:195353004 | UMLS_CUI:C3495801,"An autoimmune disease that is characterized by necrotizing granulomatous inflammation of the upper and lower respiratory tract, glomerulonephritis, vasculitis, and the presence of antineutrophil cytoplasmatic autoantibodies (ANCAs) in patient sera, and is located_in lung, located_in kidney, located_in skin resulting from an autoimmune attack by antineutrophil cytoplasmic antibodies against small and medium-size blood vessels.",,http://purl.obolibrary.org/obo/doid#DO_rare_slim | http://purl.obolibrary.org/obo/doid#NCIthesaurus,disease_ontology,,,,,http://purl.obolibrary.org/obo/DOID_12132
DOID:12297,Vogt-Koyanagi-Harada disease,Harada's disease,,GARD:7862 | ICD10CM:H20.82 | ICD9CM:364.24 | MESH:D014607 | NCI:C85218 | SNOMEDCT_US_2025_09_01:44923005 | UMLS_CUI:C0042170,"An autoimmune disease that is caused by T helper cell mediated autoimmune attack of melanocytes resulting in inflammation of the inside of the eye, whitening of hair, skin pigment loss, and meningitis.",,http://purl.obolibrary.org/obo/doid#DO_rare_slim | http://purl.obolibrary.org/obo/doid#NCIthesaurus,disease_ontology,,,,,http://purl.obolibrary.org/obo/DOID_12297
DOID:12297,Vogt-Koyanagi-Harada disease,Vogt-Koyanagi syndrome,,GARD:7862 | ICD10CM:H20.82 | ICD9CM:364.24 | MESH:D014607 | NCI:C85218 | SNOMEDCT_US_2025_09_01:44923005 | UMLS_CUI:C0042170,"An autoimmune disease that is caused by T helper cell mediated autoimmune attack of melanocytes resulting in inflammation of the inside of the eye, whitening of hair, skin pigment loss, and meningitis.",,http://purl.obolibrary.org/obo/doid#DO_rare_slim | http://purl.obolibrary.org/obo/doid#NCIthesaurus,disease_ontology,,,,,http://purl.obolibrary.org/obo/DOID_12297
DOID:12297,Vogt-Koyanagi-Harada disease,uveomeningoencephalitic syndrome,,GARD:7862 | ICD10CM:H20.82 | ICD9CM:364.24 | MESH:D014607 | NCI:C85218 | SNOMEDCT_US_2025_09_01:44923005 | UMLS_CUI:C0042170,"An autoimmune disease that is caused by T helper cell mediated autoimmune attack of melanocytes resulting in inflammation of the inside of the eye, whitening of hair, skin pigment loss, and meningitis.",,http://purl.obolibrary.org/obo/doid#DO_rare_slim | http://purl.obolibrary.org/obo/doid#NCIthesaurus,disease_ontology,,,,,http://purl.obolibrary.org/obo/DOID_12297
DOID:12306,vitiligo,,,EFO:0004208 | GARD:10751 | ICD10CM:L80 | ICD9CM:709.01 | MESH:D014820 | MIM:193200 | NCI:C26915 | SNOMEDCT_US_2025_09_01:156437000 | UMLS_CUI:C0042900,An autoimmune disease that causes depigmentation of patches of skin resulting from loss of function or death of melanoctyes.,,http://purl.obolibrary.org/obo/doid#DO_rare_slim | http://purl.obolibrary.org/obo/doid#NCIthesaurus,disease_ontology,,,OMIM mapping confirmed by DO. [LS].,,http://purl.obolibrary.org/obo/DOID_12306
DOID:12361,Graves' disease,Grave's disease,Basedow's disease,EFO:0004237 | ICD10CM:E05.0 | MESH:D006111 | MIM:275000 | NCI:C3071 | SNOMEDCT_US_2025_09_01:154655004 | UMLS_CUI:C0018213,"An autoimmune disease of endocrine system that involves production of excessive amount of thyroid hormones, located_in thyroid gland.",,http://purl.obolibrary.org/obo/doid#NCIthesaurus,disease_ontology,,,Xref MGI. OMIM mapping confirmed by DO. [SN].,,http://purl.obolibrary.org/obo/DOID_12361
DOID:12361,Graves' disease,Graves disease,Basedow's disease,EFO:0004237 | ICD10CM:E05.0 | MESH:D006111 | MIM:275000 | NCI:C3071 | SNOMEDCT_US_2025_09_01:154655004 | UMLS_CUI:C0018213,"An autoimmune disease of endocrine system that involves production of excessive amount of thyroid hormones, located_in thyroid gland.",,http://purl.obolibrary.org/obo/doid#NCIthesaurus,disease_ontology,,,Xref MGI. OMIM mapping confirmed by DO. [SN].,,http://purl.obolibrary.org/obo/DOID_12361
DOID:12361,Graves' disease,exophthalmic goiter,Basedow's disease,EFO:0004237 | ICD10CM:E05.0 | MESH:D006111 | MIM:275000 | NCI:C3071 | SNOMEDCT_US_2025_09_01:154655004 | UMLS_CUI:C0018213,"An autoimmune disease of endocrine system that involves production of excessive amount of thyroid hormones, located_in thyroid gland.",,http://purl.obolibrary.org/obo/doid#NCIthesaurus,disease_ontology,,,Xref MGI. OMIM mapping confirmed by DO. [SN].,,http://purl.obolibrary.org/obo/DOID_12361
DOID:12842,Guillain-Barre syndrome,Infectious neuronitis,,GARD:6554 | ICD10CM:G61.0 | MESH:D020275 | MIM:139393 | NCI:C116345 | SNOMEDCT_US_2025_09_01:155082001 | UMLS_CUI:C0018378,An autoimmune disease of peripheral nervous system that causes body's immune system to attack part of the peripheral nervous system.,,http://purl.obolibrary.org/obo/doid#DO_rare_slim | http://purl.obolibrary.org/obo/doid#NCIthesaurus,disease_ontology,,,OMIM mapping confirmed by DO. [SN].,,http://purl.obolibrary.org/obo/DOID_12842
DOID:12842,Guillain-Barre syndrome,Post-infectious polyneuritis,,GARD:6554 | ICD10CM:G61.0 | MESH:D020275 | MIM:139393 | NCI:C116345 | SNOMEDCT_US_2025_09_01:155082001 | UMLS_CUI:C0018378,An autoimmune disease of peripheral nervous system that causes body's immune system to attack part of the peripheral nervous system.,,http://purl.obolibrary.org/obo/doid#DO_rare_slim | http://purl.obolibrary.org/obo/doid#NCIthesaurus,disease_ontology,,,OMIM mapping confirmed by DO. [SN].,,http://purl.obolibrary.org/obo/DOID_12842
DOID:12842,Guillain-Barre syndrome,Postinfectious polyneuritis,,GARD:6554 | ICD10CM:G61.0 | MESH:D020275 | MIM:139393 | NCI:C116345 | SNOMEDCT_US_2025_09_01:155082001 | UMLS_CUI:C0018378,An autoimmune disease of peripheral nervous system that causes body's immune system to attack part of the peripheral nervous system.,,http://purl.obolibrary.org/obo/doid#DO_rare_slim | http://purl.obolibrary.org/obo/doid#NCIthesaurus,disease_ontology,,,OMIM mapping confirmed by DO. [SN].,,http://purl.obolibrary.org/obo/DOID_12842
DOID:12842,Guillain-Barre syndrome,acute infective polyneuritis,,GARD:6554 | ICD10CM:G61.0 | MESH:D020275 | MIM:139393 | NCI:C116345 | SNOMEDCT_US_2025_09_01:155082001 | UMLS_CUI:C0018378,An autoimmune disease of peripheral nervous system that causes body's immune system to attack part of the peripheral nervous system.,,http://purl.obolibrary.org/obo/doid#DO_rare_slim | http://purl.obolibrary.org/obo/doid#NCIthesaurus,disease_ontology,,,OMIM mapping confirmed by DO. [SN].,,http://purl.obolibrary.org/obo/DOID_12842
DOID:12842,Guillain-Barre syndrome,acute inflammatory demyelinating polyradiculopathy,,GARD:6554 | ICD10CM:G61.0 | MESH:D020275 | MIM:139393 | NCI:C116345 | SNOMEDCT_US_2025_09_01:155082001 | UMLS_CUI:C0018378,An autoimmune disease of peripheral nervous system that causes body's immune system to attack part of the peripheral nervous system.,,http://purl.obolibrary.org/obo/doid#DO_rare_slim | http://purl.obolibrary.org/obo/doid#NCIthesaurus,disease_ontology,,,OMIM mapping confirmed by DO. [SN].,,http://purl.obolibrary.org/obo/DOID_12842
DOID:12842,Guillain-Barre syndrome,acute postinfectious polyneuropathy,,GARD:6554 | ICD10CM:G61.0 | MESH:D020275 | MIM:139393 | NCI:C116345 | SNOMEDCT_US_2025_09_01:155082001 | UMLS_CUI:C0018378,An autoimmune disease of peripheral nervous system that causes body's immune system to attack part of the peripheral nervous system.,,http://purl.obolibrary.org/obo/doid#DO_rare_slim | http://purl.obolibrary.org/obo/doid#NCIthesaurus,disease_ontology,,,OMIM mapping confirmed by DO. [SN].,,http://purl.obolibrary.org/obo/DOID_12842
DOID:12889,Miller Fisher syndrome,Fisher's syndrome,,ICD10CM:G61.0 | GARD:3668 | MESH:D019846 | NCI:C116958 | SNOMEDCT_US_2025_09_01:1767005 | UMLS_CUI:C0393799,"A Guillain-Barre syndrome that manifests as a descending paralysis. It usually affects the eye muscles first and presents with the triad of ophthalmoplegia, ataxia, and areflexia.",,http://purl.obolibrary.org/obo/doid#DO_rare_slim | http://purl.obolibrary.org/obo/doid#NCIthesaurus,disease_ontology,,,,,http://purl.obolibrary.org/obo/DOID_12889
DOID:12889,Miller Fisher syndrome,Miller-Fisher variant of Guillain-Barre syndrome,,ICD10CM:G61.0 | GARD:3668 | MESH:D019846 | NCI:C116958 | SNOMEDCT_US_2025_09_01:1767005 | UMLS_CUI:C0393799,"A Guillain-Barre syndrome that manifests as a descending paralysis. It usually affects the eye muscles first and presents with the triad of ophthalmoplegia, ataxia, and areflexia.",,http://purl.obolibrary.org/obo/doid#DO_rare_slim | http://purl.obolibrary.org/obo/doid#NCIthesaurus,disease_ontology,,,,,http://purl.obolibrary.org/obo/DOID_12889
DOID:12894,Sjogren's syndrome,Sicca syndrome,,GARD:10252 | ICD10CM:M35.0 | ICD9CM:710.2 | MESH:D012859 | MIM:270150 | NCI:C26883 | NCI:C70647 | SNOMEDCT_US_2025_09_01:267875002 | SNOMEDCT_US_2025_09_01:83901003 | UMLS_CUI:C0086981 | UMLS_CUI:C1527336,An autoimmune disease that involves attack of immune cells which destroy the exocrine glands that produce tears and saliva.,DOID:416,http://purl.obolibrary.org/obo/doid#DO_rare_slim | http://purl.obolibrary.org/obo/doid#NCIthesaurus,disease_ontology,,,OMIM mapping confirmed by DO. [LS].,,http://purl.obolibrary.org/obo/DOID_12894
DOID:12894,Sjogren's syndrome,Sjogren syndrome,,GARD:10252 | ICD10CM:M35.0 | ICD9CM:710.2 | MESH:D012859 | MIM:270150 | NCI:C26883 | NCI:C70647 | SNOMEDCT_US_2025_09_01:267875002 | SNOMEDCT_US_2025_09_01:83901003 | UMLS_CUI:C0086981 | UMLS_CUI:C1527336,An autoimmune disease that involves attack of immune cells which destroy the exocrine glands that produce tears and saliva.,DOID:416,http://purl.obolibrary.org/obo/doid#DO_rare_slim | http://purl.obolibrary.org/obo/doid#NCIthesaurus,disease_ontology,,,OMIM mapping confirmed by DO. [LS].,,http://purl.obolibrary.org/obo/DOID_12894
DOID:12894,Sjogren's syndrome,xerodermosteosis,,GARD:10252 | ICD10CM:M35.0 | ICD9CM:710.2 | MESH:D012859 | MIM:270150 | NCI:C26883 | NCI:C70647 | SNOMEDCT_US_2025_09_01:267875002 | SNOMEDCT_US_2025_09_01:83901003 | UMLS_CUI:C0086981 | UMLS_CUI:C1527336,An autoimmune disease that involves attack of immune cells which destroy the exocrine glands that produce tears and saliva.,DOID:416,http://purl.obolibrary.org/obo/doid#DO_rare_slim | http://purl.obolibrary.org/obo/doid#NCIthesaurus,disease_ontology,,,OMIM mapping confirmed by DO. [LS].,,http://purl.obolibrary.org/obo/DOID_12894
DOID:12900,Mikulicz disease,IgG4-related dacryoadenitis and sialadenitis,,ICD10CM:K11.8 | GARD:7043 | MESH:D008882 | NCI:C34819 | SNOMEDCT_US_2025_09_01:7826003 | UMLS_CUI:C0026103,"An autoimmune disease that is characterized by chronic enlargement of the glands of the head and neck, has_symptom lumps of the face and neck, dry eyes, dry mouth, and intermittent fever, and is often associated with an underlying autoimmune disorder, hematologic malignancy, tuberculosis infection, or syphilis infection.",,http://purl.obolibrary.org/obo/doid#DO_rare_slim | http://purl.obolibrary.org/obo/doid#NCIthesaurus,disease_ontology,,,,,http://purl.obolibrary.org/obo/DOID_12900
DOID:12900,Mikulicz disease,Mikulicz's disease,,ICD10CM:K11.8 | GARD:7043 | MESH:D008882 | NCI:C34819 | SNOMEDCT_US_2025_09_01:7826003 | UMLS_CUI:C0026103,"An autoimmune disease that is characterized by chronic enlargement of the glands of the head and neck, has_symptom lumps of the face and neck, dry eyes, dry mouth, and intermittent fever, and is often associated with an underlying autoimmune disorder, hematologic malignancy, tuberculosis infection, or syphilis infection.",,http://purl.obolibrary.org/obo/doid#DO_rare_slim | http://purl.obolibrary.org/obo/doid#NCIthesaurus,disease_ontology,,,,,http://purl.obolibrary.org/obo/DOID_12900
DOID:13080,Jaccoud's syndrome,Jaccoud syndrome,,ICD10CM:M12.0 | ICD9CM:714.4 | SNOMEDCT_US_2025_09_01:84801008 | UMLS_CUI:C0152084,"An autoimmune disease that is characterized by severe non-erosive arthropathy with ulnar deviation of the 2nd to 5th digits and metacarpophalangeal joint subluxation without evidence of synovitis, and may be associated with systemic lupus erythematosus, rheumatic fever, and ligamentous laxity.",,,disease_ontology,,,,,http://purl.obolibrary.org/obo/DOID_13080
DOID:13241,Behcet's disease,Adamantiades-Behcet disease,Behcet's syndrome,EFO:0003780 | GARD:848 | ICD10CM:M35.2 | ICD9CM:136.1 | MESH:D001528 | MIM:109650 | NCI:C34416 | SNOMEDCT_US_2025_09_01:310701003 | UMLS_CUI:C0004943,"An autoimmune disease that is characterized by mucocutaneous manifestations, including recurrent oral and genital ulcerations, ocular manifestations, especially chronic relapsing uveitis, and systemic vasculitis involving arteries and veins of all sizes.",,http://purl.obolibrary.org/obo/doid#DO_rare_slim | http://purl.obolibrary.org/obo/doid#NCIthesaurus,disease_ontology,,,OMIM mapping confirmed by DO. [SN].,,http://purl.obolibrary.org/obo/DOID_13241
DOID:13241,Behcet's disease,Behcet syndrome,Behcet's syndrome,EFO:0003780 | GARD:848 | ICD10CM:M35.2 | ICD9CM:136.1 | MESH:D001528 | MIM:109650 | NCI:C34416 | SNOMEDCT_US_2025_09_01:310701003 | UMLS_CUI:C0004943,"An autoimmune disease that is characterized by mucocutaneous manifestations, including recurrent oral and genital ulcerations, ocular manifestations, especially chronic relapsing uveitis, and systemic vasculitis involving arteries and veins of all sizes.",,http://purl.obolibrary.org/obo/doid#DO_rare_slim | http://purl.obolibrary.org/obo/doid#NCIthesaurus,disease_ontology,,,OMIM mapping confirmed by DO. [SN].,,http://purl.obolibrary.org/obo/DOID_13241
DOID:13241,Behcet's disease,Behet's syndrome,Behcet's syndrome,EFO:0003780 | GARD:848 | ICD10CM:M35.2 | ICD9CM:136.1 | MESH:D001528 | MIM:109650 | NCI:C34416 | SNOMEDCT_US_2025_09_01:310701003 | UMLS_CUI:C0004943,"An autoimmune disease that is characterized by mucocutaneous manifestations, including recurrent oral and genital ulcerations, ocular manifestations, especially chronic relapsing uveitis, and systemic vasculitis involving arteries and veins of all sizes.",,http://purl.obolibrary.org/obo/doid#DO_rare_slim | http://purl.obolibrary.org/obo/doid#NCIthesaurus,disease_ontology,,,OMIM mapping confirmed by DO. [SN].,,http://purl.obolibrary.org/obo/DOID_13241
DOID:13241,Behcet's disease,triple symptom complex,Behcet's syndrome,EFO:0003780 | GARD:848 | ICD10CM:M35.2 | ICD9CM:136.1 | MESH:D001528 | MIM:109650 | NCI:C34416 | SNOMEDCT_US_2025_09_01:310701003 | UMLS_CUI:C0004943,"An autoimmune disease that is characterized by mucocutaneous manifestations, including recurrent oral and genital ulcerations, ocular manifestations, especially chronic relapsing uveitis, and systemic vasculitis involving arteries and veins of all sizes.",,http://purl.obolibrary.org/obo/doid#DO_rare_slim | http://purl.obolibrary.org/obo/doid#NCIthesaurus,disease_ontology,,,OMIM mapping confirmed by DO. [SN].,,http://purl.obolibrary.org/obo/DOID_13241
DOID:14040,autoimmune polyendocrine syndrome,Autoimmune polyglandular failure,,ICD10CM:E31.0 | MESH:D016884 | NCI:C84576 | SNOMEDCT_US_2025_09_01:41864002 | UMLS_CUI:C0085409,An autoimmune disease of endocrine system characterized by abnormal functioning of the immune system that causes auto-reactivity against endocrine organs.,,http://purl.obolibrary.org/obo/doid#NCIthesaurus,disease_ontology,,,,,http://purl.obolibrary.org/obo/DOID_14040
DOID:14040,autoimmune polyendocrine syndrome,Lloyd's syndrome,,ICD10CM:E31.0 | MESH:D016884 | NCI:C84576 | SNOMEDCT_US_2025_09_01:41864002 | UMLS_CUI:C0085409,An autoimmune disease of endocrine system characterized by abnormal functioning of the immune system that causes auto-reactivity against endocrine organs.,,http://purl.obolibrary.org/obo/doid#NCIthesaurus,disease_ontology,,,,,http://purl.obolibrary.org/obo/DOID_14040
DOID:14040,autoimmune polyendocrine syndrome,autoimmune polyendocrinopathy,,ICD10CM:E31.0 | MESH:D016884 | NCI:C84576 | SNOMEDCT_US_2025_09_01:41864002 | UMLS_CUI:C0085409,An autoimmune disease of endocrine system characterized by abnormal functioning of the immune system that causes auto-reactivity against endocrine organs.,,http://purl.obolibrary.org/obo/doid#NCIthesaurus,disease_ontology,,,,,http://purl.obolibrary.org/obo/DOID_14040
DOID:14043,neonatal myasthenia gravis,,,ICD9CM:775.2 | MESH:D020941 | SNOMEDCT_US_2025_09_01:82178003 | UMLS_CUI:C0158982,,,,disease_ontology,,,,,http://purl.obolibrary.org/obo/DOID_14043
DOID:14482,pemphigoid gestationis,Gestational herpes,,ICD10CM:O26.4 | MESH:D006559 | NCI:C85003 | SNOMEDCT_US_2025_09_01:86081009 | UMLS_CUI:C0019343,"A pemphigoid that is characterized by erythematous papules, vesicles, and plaques around the trunk and extremities that develop during pregnancy, particularly during the second and third trimesters, has_symptom pruritis, and has_material_basis_in autoantibodies to the basement membrane, which triggers a complement cascade and attracts eosinophils to the subepidermis.",,http://purl.obolibrary.org/obo/doid#NCIthesaurus,disease_ontology,,,,,http://purl.obolibrary.org/obo/DOID_14482
DOID:14482,pemphigoid gestationis,herpes gestationis,,ICD10CM:O26.4 | MESH:D006559 | NCI:C85003 | SNOMEDCT_US_2025_09_01:86081009 | UMLS_CUI:C0019343,"A pemphigoid that is characterized by erythematous papules, vesicles, and plaques around the trunk and extremities that develop during pregnancy, particularly during the second and third trimesters, has_symptom pruritis, and has_material_basis_in autoantibodies to the basement membrane, which triggers a complement cascade and attracts eosinophils to the subepidermis.",,http://purl.obolibrary.org/obo/doid#NCIthesaurus,disease_ontology,,,,,http://purl.obolibrary.org/obo/DOID_14482
DOID:2048,autoimmune hepatitis,Autoimmune chronic active hepatitis,,GARD:5871 | ICD9CM:571.42 | MESH:D019693 | NCI:C27778 | SNOMEDCT_US_2025_09_01:16098491000119109 | UMLS_CUI:C0241910 | UMLS_CUI:C1332355,An autoimmune disease of gastrointestinal tract that results_in inflammation located_in liver caused by the body's immune system attacking the liver cells.,DOID:4745,http://purl.obolibrary.org/obo/doid#DO_rare_slim | http://purl.obolibrary.org/obo/doid#NCIthesaurus,disease_ontology,,,,,http://purl.obolibrary.org/obo/DOID_2048
DOID:2048,autoimmune hepatitis,autoimmune hepatitis with centrilobular necrosis,,GARD:5871 | ICD9CM:571.42 | MESH:D019693 | NCI:C27778 | SNOMEDCT_US_2025_09_01:16098491000119109 | UMLS_CUI:C0241910 | UMLS_CUI:C1332355,An autoimmune disease of gastrointestinal tract that results_in inflammation located_in liver caused by the body's immune system attacking the liver cells.,DOID:4745,http://purl.obolibrary.org/obo/doid#DO_rare_slim | http://purl.obolibrary.org/obo/doid#NCIthesaurus,disease_ontology,,,,,http://purl.obolibrary.org/obo/DOID_2048
DOID:2377,multiple sclerosis,Generalized multiple sclerosis,,GARD:10255 | ICD10CM:G35 | ICD9CM:340 | MESH:D009103 | MIM:612594 | MIM:612595 | MIM:612596 | NCI:C3243 | SNOMEDCT_US_2025_09_01:155023009 | UMLS_CUI:C0026769,A demyelinating disease that involves damage to the fatty myelin sheaths around the axons of the brain and spinal cord resulting in demyelination and scarring.,,http://purl.obolibrary.org/obo/doid#DO_rare_slim | http://purl.obolibrary.org/obo/doid#NCIthesaurus,disease_ontology,MESH:D009103,,OMIM mapping confirmed by DO. [LS].,,http://purl.obolibrary.org/obo/DOID_2377
DOID:2377,multiple sclerosis,insular sclerosis,,GARD:10255 | ICD10CM:G35 | ICD9CM:340 | MESH:D009103 | MIM:612594 | MIM:612595 | MIM:612596 | NCI:C3243 | SNOMEDCT_US_2025_09_01:155023009 | UMLS_CUI:C0026769,A demyelinating disease that involves damage to the fatty myelin sheaths around the axons of the brain and spinal cord resulting in demyelination and scarring.,,http://purl.obolibrary.org/obo/doid#DO_rare_slim | http://purl.obolibrary.org/obo/doid#NCIthesaurus,disease_ontology,MESH:D009103,,OMIM mapping confirmed by DO. [LS].,,http://purl.obolibrary.org/obo/DOID_2377
DOID:2378,relapsing-remitting multiple sclerosis,RRMS,,EFO:0003929 | ICD10CM:G35.A | MESH:D020529 | NCI:C165675 | SNOMEDCT_US_2025_09_01:426373005 | UMLS_CUI:C0751967,"A multiple sclerosis that is characterized by relapse (attacks of symptom flare-ups) followed by remission (periods of recovery). Symptoms may vary from mild to severe, and relapses and remissions may last for days or months. More than 80 percent of people who have MS begin with relapsing-remitting cycles.",,http://purl.obolibrary.org/obo/doid#NCIthesaurus,disease_ontology,,,,,http://purl.obolibrary.org/obo/DOID_2378
DOID:2378,relapsing-remitting multiple sclerosis,Relapsing-remitting MS,,EFO:0003929 | ICD10CM:G35.A | MESH:D020529 | NCI:C165675 | SNOMEDCT_US_2025_09_01:426373005 | UMLS_CUI:C0751967,"A multiple sclerosis that is characterized by relapse (attacks of symptom flare-ups) followed by remission (periods of recovery). Symptoms may vary from mild to severe, and relapses and remissions may last for days or months. More than 80 percent of people who have MS begin with relapsing-remitting cycles.",,http://purl.obolibrary.org/obo/doid#NCIthesaurus,disease_ontology,,,,,http://purl.obolibrary.org/obo/DOID_2378
DOID:2988,antiphospholipid syndrome,APS,,GARD:5824 | ICD10CM:D68.61 | MESH:D016736 | MIM:107320 | NCI:C61283 | SNOMEDCT_US_2025_09_01:201450008 | UMLS_CUI:C0085278,An autoimmune disease that is characterized by recurrent venous or arterial thrombosis and/or fetal losses associated with characteristic elevated levels of antibodies directed against membrane anionic phospholipids (anticardiolipin).,,http://purl.obolibrary.org/obo/doid#DO_rare_slim | http://purl.obolibrary.org/obo/doid#NCIthesaurus,disease_ontology,MESH:D016736,,OMIM mapping confirmed by DO. [SN].,,http://purl.obolibrary.org/obo/DOID_2988
DOID:2988,antiphospholipid syndrome,antiphospholipid antibody syndrome,,GARD:5824 | ICD10CM:D68.61 | MESH:D016736 | MIM:107320 | NCI:C61283 | SNOMEDCT_US_2025_09_01:201450008 | UMLS_CUI:C0085278,An autoimmune disease that is characterized by recurrent venous or arterial thrombosis and/or fetal losses associated with characteristic elevated levels of antibodies directed against membrane anionic phospholipids (anticardiolipin).,,http://purl.obolibrary.org/obo/doid#DO_rare_slim | http://purl.obolibrary.org/obo/doid#NCIthesaurus,disease_ontology,MESH:D016736,,OMIM mapping confirmed by DO. [SN].,,http://purl.obolibrary.org/obo/DOID_2988
DOID:437,myasthenia gravis,,,GARD:7122 | ICD10CM:G70.0 | ICD10CM:G70.00 | ICD9CM:358.0 | ICD9CM:358.00 | MESH:D009157 | MIM:254200 | NCI:C60989 | SNOMEDCT_US_2025_09_01:155092009 | UMLS_CUI:C0026896 | UMLS_CUI:C1260409,"An autoimmune disease of the nervous system that has_material_basis_in antibodies to acetylcholine receptors at the neuromuscular junction, has_symptom ptosis, has_symptom diplopia, has_symptom dysphagia, has_symptom dysarthria, has_symptom muscle weakness and has_symptom shortness of breath.",DOID:443 | DOID:444,http://purl.obolibrary.org/obo/doid#DO_rare_slim | http://purl.obolibrary.org/obo/doid#NCIthesaurus,disease_ontology,,,OMIM mapping confirmed by DO. [SN].,,http://purl.obolibrary.org/obo/DOID_437
DOID:438,autoimmune disease of the nervous system,,autoimmune nervous system disorder,MESH:D020274 | NCI:C99383 | UMLS_CUI:C0751871,An autoimmune disease affecting the nervous system.,,http://purl.obolibrary.org/obo/doid#NCIthesaurus,disease_ontology,,,,,http://purl.obolibrary.org/obo/DOID_438
DOID:4780,anti-basement membrane glomerulonephritis,anti-GBM glomerulonephritis,,NCI:C35798 | UMLS_CUI:C1332309,A Goodpasture syndrome that is characterized by damage to only kidney capillaries.,,http://purl.obolibrary.org/obo/doid#NCIthesaurus,disease_ontology,,,,,http://purl.obolibrary.org/obo/DOID_4780
DOID:5213,chronic inflammatory demyelinating polyradiculoneuropathy,,,ICD10CM:G61.81 | ICD9CM:357.81 | MESH:D020277 | NCI:C84636 | SNOMEDCT_US_2025_09_01:128209004 | UMLS_CUI:C0393819 | GARD:6102,An autoimmune disease of peripheral nervous system that is characterized by inflammation of nerve roots and peripheral nerves and destruction of the fatty protective covering (myelin sheath) over the nerves. This affects how fast the nerve signals are transmitted and leads to loss of nerve fibers.,,http://purl.obolibrary.org/obo/doid#DO_rare_slim | http://purl.obolibrary.org/obo/doid#NCIthesaurus,disease_ontology,,,,,http://purl.obolibrary.org/obo/DOID_5213
DOID:7147,ankylosing spondylitis,Bekhterev syndrome,,EFO:0003898 | GARD:9518 | ICD10CM:M45 | ICD9CM:720.0 | MESH:D013167 | MIM:PS106300 | NCI:C84564 | ORDO:825 | SNOMEDCT_US_2025_09_01:156619005 | UMLS_CUI:C0038013,"An arthritis that results_in inflammation in the joints of the spine and pelvis. The disease has_symptom pain, has_symptom stiffness in the spine, has_symptom stiffness in the neck, has_symptom stiffness in the hips, has_symptom stiffness in the jaw and has_symptom stiffness in the rib cage.",,http://purl.obolibrary.org/obo/doid#DO_rare_slim | http://purl.obolibrary.org/obo/doid#NCIthesaurus,disease_ontology,,,,,http://purl.obolibrary.org/obo/DOID_7147
DOID:7147,ankylosing spondylitis,Bekhterev's disease,,EFO:0003898 | GARD:9518 | ICD10CM:M45 | ICD9CM:720.0 | MESH:D013167 | MIM:PS106300 | NCI:C84564 | ORDO:825 | SNOMEDCT_US_2025_09_01:156619005 | UMLS_CUI:C0038013,"An arthritis that results_in inflammation in the joints of the spine and pelvis. The disease has_symptom pain, has_symptom stiffness in the spine, has_symptom stiffness in the neck, has_symptom stiffness in the hips, has_symptom stiffness in the jaw and has_symptom stiffness in the rib cage.",,http://purl.obolibrary.org/obo/doid#DO_rare_slim | http://purl.obolibrary.org/obo/doid#NCIthesaurus,disease_ontology,,,,,http://purl.obolibrary.org/obo/DOID_7147
DOID:7147,ankylosing spondylitis,Marie-Strumpell disease,,EFO:0003898 | GARD:9518 | ICD10CM:M45 | ICD9CM:720.0 | MESH:D013167 | MIM:PS106300 | NCI:C84564 | ORDO:825 | SNOMEDCT_US_2025_09_01:156619005 | UMLS_CUI:C0038013,"An arthritis that results_in inflammation in the joints of the spine and pelvis. The disease has_symptom pain, has_symptom stiffness in the spine, has_symptom stiffness in the neck, has_symptom stiffness in the hips, has_symptom stiffness in the jaw and has_symptom stiffness in the rib cage.",,http://purl.obolibrary.org/obo/doid#DO_rare_slim | http://purl.obolibrary.org/obo/doid#NCIthesaurus,disease_ontology,,,,,http://purl.obolibrary.org/obo/DOID_7147
DOID:7188,autoimmune thyroiditis,Chronic Lymphocytic Thyroiditis,,ICD10CM:E06.3 | MESH:D013967 | NCI:C38766 | SNOMEDCT_US_2025_09_01:190297000 | UMLS_CUI:C0920350,An autoimmune disease of endocrine system that involves inflammation located_in thyroid gland caused by the immune system reacting against its own tissues.,DOID:0050435,http://purl.obolibrary.org/obo/doid#NCIthesaurus,disease_ontology,,,OMIM mapping confirmed by DO. [SN].,,http://purl.obolibrary.org/obo/DOID_7188
DOID:7188,autoimmune thyroiditis,Hashimoto thyroiditis,,ICD10CM:E06.3 | MESH:D013967 | NCI:C38766 | SNOMEDCT_US_2025_09_01:190297000 | UMLS_CUI:C0920350,An autoimmune disease of endocrine system that involves inflammation located_in thyroid gland caused by the immune system reacting against its own tissues.,DOID:0050435,http://purl.obolibrary.org/obo/doid#NCIthesaurus,disease_ontology,,,OMIM mapping confirmed by DO. [SN].,,http://purl.obolibrary.org/obo/DOID_7188
DOID:7188,autoimmune thyroiditis,Hashimoto's Disease,,ICD10CM:E06.3 | MESH:D013967 | NCI:C38766 | SNOMEDCT_US_2025_09_01:190297000 | UMLS_CUI:C0920350,An autoimmune disease of endocrine system that involves inflammation located_in thyroid gland caused by the immune system reacting against its own tissues.,DOID:0050435,http://purl.obolibrary.org/obo/doid#NCIthesaurus,disease_ontology,,,OMIM mapping confirmed by DO. [SN].,,http://purl.obolibrary.org/obo/DOID_7188
DOID:7188,autoimmune thyroiditis,Hashimoto's syndrome,,ICD10CM:E06.3 | MESH:D013967 | NCI:C38766 | SNOMEDCT_US_2025_09_01:190297000 | UMLS_CUI:C0920350,An autoimmune disease of endocrine system that involves inflammation located_in thyroid gland caused by the immune system reacting against its own tissues.,DOID:0050435,http://purl.obolibrary.org/obo/doid#NCIthesaurus,disease_ontology,,,OMIM mapping confirmed by DO. [SN].,,http://purl.obolibrary.org/obo/DOID_7188
DOID:7188,autoimmune thyroiditis,Hashimoto's thyroiditis,,ICD10CM:E06.3 | MESH:D013967 | NCI:C38766 | SNOMEDCT_US_2025_09_01:190297000 | UMLS_CUI:C0920350,An autoimmune disease of endocrine system that involves inflammation located_in thyroid gland caused by the immune system reacting against its own tissues.,DOID:0050435,http://purl.obolibrary.org/obo/doid#NCIthesaurus,disease_ontology,,,OMIM mapping confirmed by DO. [SN].,,http://purl.obolibrary.org/obo/DOID_7188
DOID:7188,autoimmune thyroiditis,Lymphocytic Thyroiditis,,ICD10CM:E06.3 | MESH:D013967 | NCI:C38766 | SNOMEDCT_US_2025_09_01:190297000 | UMLS_CUI:C0920350,An autoimmune disease of endocrine system that involves inflammation located_in thyroid gland caused by the immune system reacting against its own tissues.,DOID:0050435,http://purl.obolibrary.org/obo/doid#NCIthesaurus,disease_ontology,,,OMIM mapping confirmed by DO. [SN].,,http://purl.obolibrary.org/obo/DOID_7188
DOID:8506,bullous pemphigoid,,,GARD:5972 | ICD10CM:L12.0 | ICD9CM:694.5 | MESH:D010391 | NCI:C84389 | SNOMEDCT_US_2025_09_01:77090002 | UMLS_CUI:C0030805,A pemphigoid that is characterized by large blisters.,,http://purl.obolibrary.org/obo/doid#DO_rare_slim | http://purl.obolibrary.org/obo/doid#NCIthesaurus,disease_ontology,,,,,http://purl.obolibrary.org/obo/DOID_8506
DOID:8857,lupus erythematosus,lupus,,ICD10CM:L93 | ICD9CM:695.4 | NCI:C27153 | SNOMEDCT_US_2025_09_01:200936003 | UMLS_CUI:C0409974,"An autoimmune disease that is characterized by a constellation of findings that include elevated antibodies to nuclear antigens, antiphospholipids, low complement levels, ulcers, non-scarring alopecia, renal or neurologic damage, and low white blood cell and platelet counts, has_symptom rashes, fatigue, arthritis, hair loss, seizures, and symptoms related to affected organs.",,http://purl.obolibrary.org/obo/doid#NCIthesaurus,disease_ontology,,,,,http://purl.obolibrary.org/obo/DOID_8857
DOID:8869,neuromyelitis optica,Devic's disease,,EFO:0004256 | GARD:6267 | ICD10CM:G36.0 | ICD9CM:341.0 | MESH:D009471 | NCI:C84934 | SNOMEDCT_US_2025_09_01:25044007 | UMLS_CUI:C0027873,A central nervous system disease characterized by inflammation of the optic nerve (optic neuritis) and inflammation of the spinal cord (myelitis).,,http://purl.obolibrary.org/obo/doid#DO_rare_slim | http://purl.obolibrary.org/obo/doid#NCIthesaurus,disease_ontology,,,,,http://purl.obolibrary.org/obo/DOID_8869
DOID:8869,neuromyelitis optica,Devic's syndrome,,EFO:0004256 | GARD:6267 | ICD10CM:G36.0 | ICD9CM:341.0 | MESH:D009471 | NCI:C84934 | SNOMEDCT_US_2025_09_01:25044007 | UMLS_CUI:C0027873,A central nervous system disease characterized by inflammation of the optic nerve (optic neuritis) and inflammation of the spinal cord (myelitis).,,http://purl.obolibrary.org/obo/doid#DO_rare_slim | http://purl.obolibrary.org/obo/doid#NCIthesaurus,disease_ontology,,,,,http://purl.obolibrary.org/obo/DOID_8869
DOID:8924,autoimmune thrombocytopenic purpura,Immune thrombocytopenic purpura,Ideopath thrombocytopenic pur | Idiopathic purpura | werlhof's disease,ICD10CM:D69.3 | ICD9CM:287.31 | MESH:D016553 | MIM:188030 | NCI:C3446 | SNOMEDCT_US_2025_09_01:234490009 | UMLS_CUI:C0398650,A primary thrombocytopenia that involves relatively few platelets in blood as a result of autoantibodies.,DOID:0050124 | DOID:2220,http://purl.obolibrary.org/obo/doid#NCIthesaurus,disease_ontology,,,OMIM mapping confirmed by DO. [SN].,,http://purl.obolibrary.org/obo/DOID_8924
DOID:8924,autoimmune thrombocytopenic purpura,idiopathic thrombocytopenic purpura,Ideopath thrombocytopenic pur | Idiopathic purpura | werlhof's disease,ICD10CM:D69.3 | ICD9CM:287.31 | MESH:D016553 | MIM:188030 | NCI:C3446 | SNOMEDCT_US_2025_09_01:234490009 | UMLS_CUI:C0398650,A primary thrombocytopenia that involves relatively few platelets in blood as a result of autoantibodies.,DOID:0050124 | DOID:2220,http://purl.obolibrary.org/obo/doid#NCIthesaurus,disease_ontology,,,OMIM mapping confirmed by DO. [SN].,,http://purl.obolibrary.org/obo/DOID_8924
DOID:8924,autoimmune thrombocytopenic purpura,primary thrombocytopenic purpura,Ideopath thrombocytopenic pur | Idiopathic purpura | werlhof's disease,ICD10CM:D69.3 | ICD9CM:287.31 | MESH:D016553 | MIM:188030 | NCI:C3446 | SNOMEDCT_US_2025_09_01:234490009 | UMLS_CUI:C0398650,A primary thrombocytopenia that involves relatively few platelets in blood as a result of autoantibodies.,DOID:0050124 | DOID:2220,http://purl.obolibrary.org/obo/doid#NCIthesaurus,disease_ontology,,,OMIM mapping confirmed by DO. [SN].,,http://purl.obolibrary.org/obo/DOID_8924
DOID:8925,primary thrombocytopenia,,,ICD10CM:D69.4 | ICD9CM:287.39 | NCI:C195002 | SNOMEDCT_US_2025_09_01:191435001 | UMLS_CUI:C0477317,,DOID:8945,,disease_ontology,,,,,http://purl.obolibrary.org/obo/DOID_8925
DOID:8931,Evans' syndrome,,,GARD:6389 | ICD10CM:D69.41 | ICD9CM:287.32 | MESH:C536380 | NCI:C61284 | SNOMEDCT_US_2025_09_01:75331009 | UMLS_CUI:C0272126,,,http://purl.obolibrary.org/obo/doid#DO_rare_slim | http://purl.obolibrary.org/obo/doid#NCIthesaurus,disease_ontology,,,,,http://purl.obolibrary.org/obo/DOID_8931
DOID:9074,systemic lupus erythematosus,"Lupus Erythematosus, systemic",,GARD:10253 | ICD10CM:M32.9 | ICD9CM:710.0 | KEGG:05322 | MESH:D008180 | MIM:152700 | MIM:300809 | MIM:605480 | MIM:608437 | MIM:609903 | MIM:609939 | MIM:610065 | MIM:610066 | MIM:612254 | MIM:612378 | MIM:613145 | MIM:614420 | NCI:C3201 | ORDO:536 | SNOMEDCT_US_2025_09_01:156450004 | UMLS_CUI:C0024141,"A lupus erythematosus that is an inflammation of connective tissue marked by skin rashes, joint pain and swelling, inflammation of the kidneys and inflammation of the tissue surrounding the heart.",,http://purl.obolibrary.org/obo/doid#DO_rare_slim | http://purl.obolibrary.org/obo/doid#NCIthesaurus,disease_ontology,,,Xref MGI.,,http://purl.obolibrary.org/obo/DOID_9074
DOID:9074,systemic lupus erythematosus,"SLE - Lupus Erythematosus, systemic",,GARD:10253 | ICD10CM:M32.9 | ICD9CM:710.0 | KEGG:05322 | MESH:D008180 | MIM:152700 | MIM:300809 | MIM:605480 | MIM:608437 | MIM:609903 | MIM:609939 | MIM:610065 | MIM:610066 | MIM:612254 | MIM:612378 | MIM:613145 | MIM:614420 | NCI:C3201 | ORDO:536 | SNOMEDCT_US_2025_09_01:156450004 | UMLS_CUI:C0024141,"A lupus erythematosus that is an inflammation of connective tissue marked by skin rashes, joint pain and swelling, inflammation of the kidneys and inflammation of the tissue surrounding the heart.",,http://purl.obolibrary.org/obo/doid#DO_rare_slim | http://purl.obolibrary.org/obo/doid#NCIthesaurus,disease_ontology,,,Xref MGI.,,http://purl.obolibrary.org/obo/DOID_9074
DOID:9074,systemic lupus erythematosus,disseminated lupus erythematosus,,GARD:10253 | ICD10CM:M32.9 | ICD9CM:710.0 | KEGG:05322 | MESH:D008180 | MIM:152700 | MIM:300809 | MIM:605480 | MIM:608437 | MIM:609903 | MIM:609939 | MIM:610065 | MIM:610066 | MIM:612254 | MIM:612378 | MIM:613145 | MIM:614420 | NCI:C3201 | ORDO:536 | SNOMEDCT_US_2025_09_01:156450004 | UMLS_CUI:C0024141,"A lupus erythematosus that is an inflammation of connective tissue marked by skin rashes, joint pain and swelling, inflammation of the kidneys and inflammation of the tissue surrounding the heart.",,http://purl.obolibrary.org/obo/doid#DO_rare_slim | http://purl.obolibrary.org/obo/doid#NCIthesaurus,disease_ontology,,,Xref MGI.,,http://purl.obolibrary.org/obo/DOID_9074
DOID:9182,pemphigus,,,MESH:D010392 | GARD:7352 | ICD10CM:L10 | ICD9CM:694.4 | NCI:C34909 | SNOMEDCT_US_2025_09_01:156355008 | UMLS_CUI:C0030807,"An autoimmune disease of skin and connective tissue that is characterized by blistering of the outer layer of the skin and mucous membranes (mouth, nose, throat, eyes, and genitals), causing lesions and blisters that are easily ruptured.",,http://purl.obolibrary.org/obo/doid#DO_rare_slim | http://purl.obolibrary.org/obo/doid#NCIthesaurus,disease_ontology,,,,,http://purl.obolibrary.org/obo/DOID_9182
DOID:9808,Goodpasture syndrome,anti-GBM disease,,GARD:2551 | ICD10CM:M31.0 | ICD9CM:446.21 | MESH:D019867 | MIM:233450 | NCI:C84566 | SNOMEDCT_US_2025_09_01:788613004 | UMLS_CUI:C0403529,"An autoimmune disease that is characterized by antibody attack of the basement membrane in lungs and kidneys, leading to bleeding from the lungs and kidney failure.",DOID:9812,http://purl.obolibrary.org/obo/doid#DO_rare_slim | http://purl.obolibrary.org/obo/doid#NCIthesaurus,disease_ontology,,,OMIM mapping confirmed by DO. [SN].,,http://purl.obolibrary.org/obo/DOID_9808
DOID:9808,Goodpasture syndrome,anti-glomerular basement membrane disease,,GARD:2551 | ICD10CM:M31.0 | ICD9CM:446.21 | MESH:D019867 | MIM:233450 | NCI:C84566 | SNOMEDCT_US_2025_09_01:788613004 | UMLS_CUI:C0403529,"An autoimmune disease that is characterized by antibody attack of the basement membrane in lungs and kidneys, leading to bleeding from the lungs and kidney failure.",DOID:9812,http://purl.obolibrary.org/obo/doid#DO_rare_slim | http://purl.obolibrary.org/obo/doid#NCIthesaurus,disease_ontology,,,OMIM mapping confirmed by DO. [SN].,,http://purl.obolibrary.org/obo/DOID_9808
DOID:986,alopecia areata,Circumscribed alopecia,,EFO:0004192 | GARD:5782 | ICD10CM:L63 | ICD9CM:704.01 | MESH:D000506 | MIM:104000 | MIM:610753 | SNOMEDCT_US_2025_09_01:201131001 | UMLS_CUI:C0002171,An autoimmune disease resulting in the loss of hair on the scalp and elsewhere on the body initially causing bald spots.,,http://purl.obolibrary.org/obo/doid#DO_rare_slim,disease_ontology,MESH:D000506,,,,http://purl.obolibrary.org/obo/DOID_986
