Parent,Acronym,Title,Type,Description,Updated,Restriction Level (?),Acronym_raw,URL
ICD,ICD,International Classification of Diseases,classification,"The International Statistical Classification of Diseases and Related Health Problems (ICD) is the WHO global standard for coding diseases, signs, symptoms, and causes of injury.",,0,icd,https://www.who.int/standards/classifications/classification-of-diseases
,ATC,Anatomical Therapeutic Chemical Classification System,classification,"The WHO Anatomical Therapeutic Chemical (ATC) Classification System assigns codes to drugs based on the organ they act on and their chemical, pharmacological, and therapeutic properties.",2025AB,0,atc,https://www.nlm.nih.gov/research/umls/sourcereleasedocs/current/ATC/index.html
,HCDT,CDT in HCPCS,classification,The HCPCS version of the Current Dental Terminology; CDT dental procedure codes as distributed by CMS within the Healthcare Common Procedure Coding System.,2023AA,3,hcdt,https://www.nlm.nih.gov/research/umls/sourcereleasedocs/current/HCDT/index.html
ICD,CCSR_ICD10CM,Clinical Classifications Software Refined for ICD-10-CM,classification,"The Clinical Classifications Software Refined (CCSR) for ICD-10-CM aggregates 70,000+ ICD-10-CM diagnosis codes into approximately 530 meaningful clinical categories for research and quality measurement.",2025AA,0,ccsr_icd10cm,https://www.nlm.nih.gov/research/umls/sourcereleasedocs/current/CCSR_ICD10CM/index.html
ICD,CCSR_ICD10PCS,Clinical Classifications Software Refined for ICD-10-PCS,classification,"The Clinical Classifications Software Refined (CCSR) for ICD-10-PCS aggregates 87,000+ ICD-10-PCS procedure codes into approximately 320 meaningful clinical categories.",2025AA,0,ccsr_icd10pcs,https://www.nlm.nih.gov/research/umls/sourcereleasedocs/current/CCSR_ICD10PCS/index.html
ICD,ICD10PCS,ICD-10 Procedure Coding System,classification,The ICD-10 Procedure Coding System (ICD-10-PCS) is the US system for classifying procedures performed in hospital inpatient settings using seven-character alphanumeric codes.,2025AB,0,icd10pcs,https://www.nlm.nih.gov/research/umls/sourcereleasedocs/current/ICD10PCS/index.html
ICD,ICDO,International Classification of Diseases for Oncology,classification,"The International Classification of Diseases for Oncology (ICD-O) is a WHO multi-axial classification encoding site (topography) and histology (morphology) of neoplasms, used in cancer registries.",,0,icdo,https://www.who.int/standards/classifications/other-classifications/international-classification-of-diseases-for-oncology
ICD,ICD10,"International Classification of Diseases, 10th Revision",classification,The International Classification of Diseases 10th Revision (WHO) is the standard for coding diseases and health conditions internationally.,,0,icd10,https://bioregistry.io/registry/icd10
ICD,ICD10WHO,"International Classification of Diseases, 10th Revision",classification,"The WHO international edition of ICD-10; the standard global classification of diseases, distinct from the US ICD-10-CM clinical modification.",,0,icd10who,https://icd.who.int/browse10/2019/en
ICD,ICD11,"International Classification of Diseases, 11th Revision (Foundation Component)",classification,The International Classification of Diseases 11th Revision (ICD-11) is the WHO's current global standard for mortality and morbidity statistics; implemented globally from 2022.,,0,icd11,https://bioregistry.io/registry/icd11
ICD,ICD9,"International Classification of Diseases, 9th Revision",classification,The International Classification of Diseases 9th Revision (WHO version) was used for mortality coding internationally before ICD-10 adoption.,,0,icd9,https://bioregistry.io/registry/icd9
ICD,ICD9CM,"International Classification of Diseases, 9th Revision, Clinical Modification",classification,The ICD-9-CM is the US adaptation of ICD-9 for diagnosis and procedure coding in hospital utilization; maintained by NCHS/CMS.,,0,icd9cm,https://bioregistry.io/registry/icd9cm
ICD,ICD10CM,"International Classification of Diseases, Tenth Revision, Clinical Modification",classification,The ICD-10-CM is the US-specific adaptation of ICD-10 maintained by NCHS/CMS for diagnosis coding in American healthcare settings.,2025AB,4,icd10cm,https://www.nlm.nih.gov/research/umls/sourcereleasedocs/current/ICD10CM/index.html
USP,USPMG,USP Model Guidelines,classification,USP Model Guidelines is the United States Pharmacopeia's drug classification system for organizing medications into therapeutic categories for formulary management and health plan design.,2024AA,0,uspmg,https://www.nlm.nih.gov/research/umls/sourcereleasedocs/current/USPMG/index.html
,GARD,Genetic and Rare Diseases Information Center,database,"NIH/NCATS resource providing free, reliable information about genetic and rare diseases; aggregates data from Orphanet, OMIM, and MONDO.",,0,gard,https://rarediseases.info.nih.gov/
OMIM,OMIM,Online Mendelian Inheritance in Man,database,"OMIM (Online Mendelian Inheritance in Man) is a comprehensive curated catalog of human genes and genetic phenotypes with unique six-digit MIM numbers, updated daily.",2025AB,0,omim,https://www.nlm.nih.gov/research/umls/sourcereleasedocs/current/OMIM/index.html
,IEDB,Immune Epitope Database,database,"The Immune Epitope Database houses experimental data on >2.2 million adaptive immune epitopes related to infectious, allergic, and autoimmune diseases, with analysis tools.",,0,iedb,https://www.iedb.org/
,BIOMODELS,BioModels Ontology,database,"BioModels is an EBI repository of curated, peer-reviewed quantitative mathematical models of biological processes, stored in SBML and related formats.",,0,biomodels,https://bioportal.bioontology.org/ontologies/BIOMODELS
,DRUGBANK,DrugBank,database,"DrugBank is a comprehensive bioinformatics and chemoinformatics resource combining detailed drug chemistry and pharmacology data with drug target sequence, structure, and pathway information.",2025AB,0,drugbank,https://www.nlm.nih.gov/research/umls/sourcereleasedocs/current/DRUGBANK/index.html
,GS,Gold Standard Drug Database,database,"The Gold Standard Drug Database (GSDD) is a clinical drug knowledge base providing comprehensive drug content for clinical decision support, formulary management, and medication management systems.",2025AB,3,gs,https://www.nlm.nih.gov/research/umls/sourcereleasedocs/current/GS/index.html
,GWASCENTRAL.PHENOTYPE,GWAS Central Phenotype,database,"GWAS Central Phenotype records from the GWAS Central database, which summarizes phenotype/trait findings from genome-wide association studies annotated to MeSH and HPO terms.",,0,gwascentral.phenotype,https://bioregistry.io/registry/gwascentral.phenotype
,KEGG,Kyoto Encyclopedia of Genes and Genomes,database,"The Kyoto Encyclopedia of Genes and Genomes (KEGG) is a collection of databases linking genomic information to biological pathways, diseases, drugs, and chemical substances.",,0,kegg,https://www.genome.jp/kegg/
,MEDLINEPLUS,MedlinePlus Health Topics,database,"MedlinePlus Health Topics is the NLM's consumer health information portal linking to reliable information on 1,000+ diseases, conditions, and wellness topics.",2025AB,0,medlineplus,https://www.nlm.nih.gov/research/umls/sourcereleasedocs/current/MEDLINEPLUS/index.html
OMIM,OMIM.PS,OMIM Phenotypic Series,database,OMIM Phenotypic Series groups genetically heterogeneous phenotypes across the genome into series with unique PS accession numbers for understanding molecular mechanisms.,,0,omim.ps,https://bioregistry.io/registry/omim.ps
,ORPHANET,Orphanet,database,"Orphanet is the reference portal for information on rare diseases and orphan drugs, maintaining the ORPHAcode nomenclature system for visibility in health and research systems.",2025AB,1,orphanet,https://www.nlm.nih.gov/research/umls/sourcereleasedocs/current/ORPHANET/index.html
,RGD,Rat Genome Database,database,"The Rat Genome Database consolidates rat genomic, genetic, and phenotypic data with curated functional and physiological data for biomedical research.",,0,rgd,https://bioregistry.io/registry/rgd
,RRRC,Rat Resource and Research Center,database,"The Rat Resource and Research Center is the sole centralized US rat repository (NIH-supported) supplying rat models, embryonic stem cells, reagents, and protocols.",,0,rrrc,https://bioregistry.io/registry/rrrc
,Reactome,Reactome,database,"Reactome is a free, open-source, curated and peer-reviewed pathway database of human biological reactions, pathways, and processes with visualization and bioinformatics tools.",,0,reactome,https://reactome.org/
,TSRNADISEASE,tsRNADisease,database,tsRNADisease is a manually curated database of tRNA-derived small RNAs (tsRNAs) with experimentally supported and predicted associations to human diseases.,,0,tsrnadisease,https://bioregistry.io/registry/tsrnadisease
,Wikipedia,Wikipedia,encyclopedia,Wikipedia is a free online encyclopedia; in bioregistry context the prefix wikipedia.en is used to link biomedical concepts to the English Wikipedia.,,0,wikipedia.en,https://en.wikipedia.org/
,HGNC,HUGO Gene Nomenclature Committee,nomenclature,"The HUGO Gene Nomenclature Committee (HGNC) database is the authoritative source of approved human gene symbols and names, covering ~42,000 gene symbols across 1,300+ gene families.",2025AB,0,hgnc,https://www.nlm.nih.gov/research/umls/sourcereleasedocs/current/HGNC/index.html
NEU,neuronames,NeuroNames,nomenclature,"NeuroNames is an integrated neuroanatomical nomenclature relating >16,000 names in 8 languages to ~2,500 neuroanatomical concepts in human, macaque, rat, and mouse.",,0,neuronames,http://braininfo.rprc.washington.edu/
,INHAND,The International Harmonization of Nomenclature and Diagnostic criteria,nomenclature,INHAND is a joint toxicologic pathology societies initiative developing internationally accepted nomenclature for proliferative and nonproliferative lesions in laboratory animals.,,0,inhand,https://bioregistry.io/registry/inhand
,UMD,Universal Medical Device Nomenclature System,nomenclature,The Universal Medical Device Nomenclature System (UMDNS) is ECRI Institute's standard international nomenclature and computer coding system for medical devices and equipment.,2023AA,1,umd,https://www.nlm.nih.gov/research/umls/sourcereleasedocs/current/UMD/index.html
USP,USP,USP Compendial Nomenclature,nomenclature,"USP Compendial Nomenclature is the United States Pharmacopeia's official authoritative standard for pharmaceutical ingredients, finished dosage forms, and dietary supplements.",2025AB,0,usp,https://www.nlm.nih.gov/research/umls/sourcereleasedocs/current/USP/index.html
OBO,CHEBI,Chemical Entities of Biological Interest Ontology,ontology,"ChEBI is an EBI open-access database and OBO Foundry ontology of molecular entities with biological activity, classified by structure, biological role, and application.",,0,chebi,https://bioportal.bioontology.org/ontologies/CHEBI
OBO,UPHENO,Combined Phenotype Ontology,ontology,The Unified Phenotype Ontology (uPheno) integrates multiple species-specific phenotype ontologies into a unified cross-species framework with species-neutral phenotype terms and cross-ontology mappings.,,0,upheno,https://bioportal.bioontology.org/ontologies/UPHENO
,EFO,Experimental Factor Ontology,ontology,"The Experimental Factor Ontology (EFO) is an EMBL-EBI ontology of experimental variables (disease, anatomy, cell type, chemicals, assays) used to annotate data in EBI databases and the GWAS Catalog.",,0,efo,https://bioportal.bioontology.org/ontologies/EFO
OBO,GO,Gene Ontology,ontology,"The Gene Ontology (GO) is a structured community-developed ontology describing gene and gene product attributes in three aspects: Molecular Function, Cellular Component, and Biological Process.",2025AB,0,go,https://www.nlm.nih.gov/research/umls/sourcereleasedocs/current/GO/index.html
OBO,DOID,Human Disease Ontology,ontology,"The Human Disease Ontology (DO) describes inherited, developmental, and acquired human diseases with >12,000 concepts organized by etiology; an OBO Foundry resource.",,0,doid,https://disease-ontology.org/
OBO,HPO,Human Phenotype Ontology,ontology,"The Human Phenotype Ontology (HPO) provides a standardized vocabulary of phenotypic abnormalities encountered in human disease, used for rare disease and clinical genetics annotation.",2025AB,0,hp,https://www.nlm.nih.gov/research/umls/sourcereleasedocs/current/HPO/index.html
OBO,MONDO,Mondo Disease Ontology,ontology,A semi-automatically constructed ontology that merges in multiple disease resources to yield a coherent merged ontology.,2025AB,0,mondo,https://mondo.monarchinitiative.org/
ORDO,ORDO,Orphanet Rare Disease Ontology,ontology,"The Orphanet Rare Disease Ontology provides structured vocabulary for rare diseases, capturing gene-disease relationships, epidemiological data, and links to ICD, OMIM, and MONDO.",,0,orphanet.ordo,https://sciences.orphadata.com/ordo/
OBO,AAO,Amphibian gross anatomy,ontology,The Amphibian Gross Anatomy Ontology provides a structured controlled vocabulary for the anatomy of amphibians; now largely integrated into UBERON.,,0,aao,http://purl.obolibrary.org/obo/aao.owl
,BERO,Biological and Environmental Research Ontology,ontology,Biological and Environmental Research Ontology developed to represent concepts relevant to biological and environmental research.,,,bero,https://bioportal.bioontology.org/ontologies/BERO
,BIRNLEX,Biomedical Informatics Research Network Lexicon,ontology,"The Biomedical Informatics Research Network Lexicon is a modular OWL ontology covering neuroscience domains including brain regions, cell types, and dysfunction; predecessor to NIFSTD.",,0,birnlex,https://bioregistry.io/registry/birnlex
,BAMS,Brain Architecture Knowledge Management System Neuroanatomical Ontology,ontology,"The Brain Architecture Knowledge Management System Neuroanatomical Ontology describes vertebrate neuroanatomy including brain regions, neuron populations, and region connectivity.",,0,bams,https://bioregistry.io/registry/bams
OBO,BTO,BRENDA Tissue Ontology,ontology,"The BRENDA Tissue Ontology is a structured controlled vocabulary for enzyme sources covering >4,600 tissues, cell lines, cell types, and cell cultures from uni- and multicellular organisms.",,0,bto,https://bioregistry.io/bto
OBO,CMO,Clinical measurement ontology,ontology,The Clinical Measurement Ontology standardizes morphological and physiological measurement records from clinical and model organism health programs; developed at Rat Genome Database.,,0,cmo,https://bioregistry.io/registry/cmo
,CTO,Clinical Trials Ontology,ontology,"The Clinical Trials Ontology provides terms and structure for annotating and harmonizing clinical trial study design, protocols, and outcomes.",,0,cto,https://bioregistry.io/registry/cto
OBO,CIDO,Coronavirus Infectious Disease Ontology,ontology,"The Coronavirus Infectious Disease Ontology (CIDO) is a community-driven OBO Foundry ontology covering etiology, transmission, pathogenesis, diagnosis, prevention, and treatment of coronavirus diseases.",,0,cido,https://bioregistry.io/registry/cido
OBO,DISDRIV,Disease Drivers,ontology,"Drivers of human diseases including environmental, maternal and social exposures; an application ontology classifying disease drivers collaborating with ExO, EnvO, ECTO, and ChEBI.",,0,disdriv,http://purl.obolibrary.org/obo/disdriv.owl
,DTO,Drug Target Ontology,ontology,"The Drug Target Ontology classifies major druggable protein families (GPCRs, kinases, ion channels, nuclear receptors) and integrates drug discovery data including target development level and disease associations.",,0,dto,https://bioregistry.io/registry/dto
OBO,EPIO,Epilepsy Ontology,ontology,"The Epilepsy Ontology (EPIO) is an OBO Foundry ontology with official ILAE terms covering all aspects of epilepsy, developed for semantic interoperability and text mining.",,0,epio,https://bioportal.bioontology.org/ontologies/EPIO
OBO,EXO,Exposure ontology,ontology,"The Exposure Ontology bridges exposure science and environmental health disciplines with core concepts of stressor, receptor, event, and outcome.",,0,exo,https://bioregistry.io/registry/exo
,FMA,Foundational Model of Anatomy,ontology,The Foundational Model of Anatomy Ontology is a comprehensive biomedical ontology representing the phenotypic structure of the human body for symbolic (computational) representation.,2019AB,0,fma,https://www.nlm.nih.gov/research/umls/sourcereleasedocs/current/FMA/index.html
,DERMO,Human Dermatological Disease Ontology,ontology,"DermO is an ontology for cutaneous (skin) disease with >3,000 terms, constructed manually by domain experts and available in OBO and OWL formats.",,0,dermo,https://bioregistry.io/registry/dermo
EHDAA,EHDAA2,"Human developmental anatomy, abstract",ontology,"The Human Developmental Anatomy Ontology (EHDAA2) is a ~2,500-term abstract representation of human anatomical structures across Carnegie stages 1-20.",,0,ehdaa2,https://obofoundry.org/ontology/ehdaa2
EHDAA,EHDAA,"Human developmental anatomy, abstract version",ontology,The Human Developmental Anatomy Ontology (EHDAA) is the OBO Foundry resource for abstract human developmental anatomy terms.,,0,ehdaa,https://obofoundry.org/ontology/ehdaa.html
OBO,IDO,Infectious Disease Ontology,ontology,"The Infectious Disease Ontology (IDO) is an OBO Foundry suite of interoperable ontologies covering the infectious disease domain, using BFO as upper ontology.",,0,ido,https://bioregistry.io/registry/ido
OBO,FLU,Influenza Ontology,ontology,"The Influenza Ontology is an application ontology extending IDO to cover natural, experimental, and clinical aspects of influenza virus life cycle, infection, and disease.",,0,flu,https://bioregistry.io/registry/flu
,IOBC,Interlinking Ontology for Biological Concepts,ontology,"The Interlinking Ontology for Biological Concepts (IOBC) contains ~80,000 biological concepts and ~20,000 related environmental concepts with both English and Japanese labels.",,0,iobc,https://bioportal.bioontology.org/ontologies/IOBC
ICD,ICD11_FOUNDATION,"International Classification of Diseases, 11th Revision",ontology,"The ICD-11 Foundation Component is the comprehensive ontological base layer of ICD-11, encompassing all diagnostic concepts, definitions, and semantic relationships.",,0,icd11.foundation,https://icd.who.int/en/
OBO,IDOMAL,Malaria Ontology,ontology,"IDOMAL is an OBO/IDO-compliant extension ontology for malaria, covering clinical manifestations, therapeutic approaches, epidemiology, vector biology, and insecticide resistance.",,0,idomal,https://bioregistry.io/registry/idomal
OBO,MFOMD,Mental Disease Ontology,ontology,"The Mental Disease Ontology (MFOMD) is an OBO Foundry ontology describing and classifying mental diseases such as schizophrenia, extending OGMS and MF, annotated with DSM-IV and ICD codes.",,0,mfomd,https://bioregistry.io/registry/mfomd
OBO,MA,Mouse adult gross anatomy,ontology,"The Mouse Adult Gross Anatomy Ontology provides a structured controlled vocabulary of postnatal mouse anatomy (Theiler stage 28), organized by spatial and functional relationships.",,0,ma,http://purl.obolibrary.org/obo/ma.owl
OBO,EMAPA,Mouse Developmental Anatomy Ontology,ontology,The Mouse Developmental Anatomy Ontology (EMAPA) provides stage-independent and stage-specific representations of mouse embryo anatomy as a directed acyclic graph.,,0,emapa,https://bioregistry.io/registry/emapa
OBO,MPATH,Mouse pathology ontology,ontology,The Mouse Pathology Ontology is a structured controlled vocabulary of mutant and transgenic mouse pathology phenotypes covering pathological processes and structures.,,0,mpath,https://bioregistry.io/registry/mpath
OBO,NANDO,Nanbyo Disease Ontology,ontology,The Nanbyo Disease Ontology (NANDO) is a comprehensive hierarchical controlled vocabulary for intractable and rare diseases (nanbyo) in Japan.,,0,nando,https://bioregistry.io/registry/nando
,NLX.DYS,NeuroLex Dysfunction,ontology,"NeuroLex Dysfunction is a module of the NIF Standard Ontology (NIFSTD) covering nervous system dysfunctions, diseases, and disorders.",,0,nlx.dys,https://bioregistry.io/registry/nlx.dys
NIF,NIFSTD,Neuroscience Information Framework (NIF) Standard Ontology,ontology,"The NIF Standard Ontology is a large modular OWL ontology providing an extensive vocabulary for neuroscience domains: anatomy, cell types, techniques, and digital resources.",,0,nifstd,https://bioportal.bioontology.org/ontologies/NIFSTD
NIF,NIF.STD,NIF Standard Ontology,ontology,Alternate representation/prefix for the NIF Standard Ontology; same resource as NIFSTD providing neuroscience domain vocabulary.,,0,nif.std,https://bioregistry.io/registry/nif.std
OBO,OGMS,Ontology for General Medical Science,ontology,"The Ontology for General Medical Science (OGMS) is an OBO Foundry ontology of entities in a clinical encounter including disease, disorder, diagnosis, patient, and healthcare provider, using BFO.",,0,ogms,https://bioregistry.io/registry/ogms
OBO,OGSF,Ontology of Genetic Susceptibility Factor,ontology,"The Ontology of Genetic Susceptibility Factor models genetic susceptibility dispositions and susceptibility factors including SNPs and genes, applied to vaccine adverse events.",,0,ogsf,https://bioregistry.io/registry/ogsf
OBO,OPMI,Ontology of Precision Medicine and Investigation,ontology,The Ontology of Precision Medicine and Investigation is a community-driven OBO Foundry ontology standardizing entities and relations in precision medicine investigations and clinical data.,,0,opmi,https://bioregistry.io/registry/opmi
ORDO,ORPHANET.ORDO,Orphanet Rare Disease Ontology,ontology,"The Orphanet Rare Disease Ontology (ORDO) provides a structured OWL vocabulary for rare diseases integrating nosology, gene-disease relations, epidemiological data, and cross-links to ICD, OMIM, and MONDO.",,0,orphanet.ordo,https://bioregistry.io/registry/orphanet.ordo
OBO,TRANS,Pathogen Transmission Ontology,ontology,"The Pathogen Transmission Ontology describes the transmission methods of human disease pathogens from one host, reservoir, or source to another host, either directly or indirectly via animate vectors or inanimate vehicles.",,0,trans,https://bioregistry.io/registry/trans
OBO,PW,Pathway ontology,ontology,The Pathway Ontology (PW) is an OBO Foundry ontology developed at the Rat Genome Database covering all biological pathway types including altered and disease pathways.,,0,pw,https://bioregistry.io/registry/pw
OBO,PR,Protein Ontology,ontology,"The Protein Ontology (PRO) is the OBO Foundry reference ontology for proteins, describing protein evolutionary classes, proteoforms (isoforms, variants, PTMs), and protein complexes.",,0,pr,https://bioportal.bioontology.org/ontologies/PR
OBO,SCDO,Sickle Cell Disease Ontology,ontology,"The Sickle Cell Disease Ontology (SCDO) provides standardized terminology and canonical hierarchical knowledge representation for SCD with cross-links to DO, HPO, OMIM, SNOMED, and ICD.",,0,scdo,https://bioregistry.io/registry/scdo
OBO,SYMP,Symptom Ontology,ontology,"The Symptom Ontology provides a standardized ontology for symptoms of human diseases, enabling annotation across disease databases and literature.",,0,symp,https://bioregistry.io/registry/symp
OBO,TAO,Teleost Anatomy Ontology,ontology,The Teleost Anatomy Ontology describes the gross and cellular anatomy of teleost fishes; has been substantially merged into UBERON.,,0,tao,https://bioregistry.io/registry/tao
OBO,FOODON,The Food Ontology,ontology,"FoodOn is a comprehensive OBO Foundry farm-to-fork food ontology representing food materials with a food role across cultures and ecosystems, interoperable with other OBO ontologies.",,0,foodon,https://bioregistry.io/registry/foodon
OBO,UBERON,Uber Anatomy Ontology,ontology,"UBERON is an integrative multi-species cross-taxon anatomy ontology of gross anatomical structures, bridging taxon-specific anatomy ontologies and supporting functional/phenotype/expression data integration.",,0,uberon,https://bioportal.bioontology.org/ontologies/UBERON
OBO,VHOG,Vertebrate Homologous Organ Group Ontology,ontology,"The Vertebrate Homologous Organ Group Ontology (vHOG) is a multi-species anatomical ontology for vertebrate homologous organ groups, developed for the Bgee gene expression project.",,0,vhog,https://bioregistry.io/registry/vhog
OBO,XAO,Xenopus Anatomy Ontology,ontology,"The Xenopus Anatomy Ontology (XAO) represents anatomy and developmental stages of Xenopus laevis and X. tropicalis, supporting gene expression annotation in Xenbase.",,0,xao,https://bioregistry.io/metaregistry/obofoundry/xao
OBO,ZFA,Zebrafish anatomy and development ontology,ontology,The Zebrafish Anatomy and Development Ontology (ZFA) describes the gross and cellular anatomy of Danio rerio from single-cell zygote to adult.,,0,zfa,https://bioregistry.io/metaregistry/obofoundry/zfa
,CLINICALTRIALS,ClinicalTrials.gov,registry,"ClinicalTrials.gov is the NLM registry and results database of publicly and privately supported clinical studies of human participants from 221 countries (>444,000 trials).",,0,clinicaltrials,https://clinicaltrials.gov/
,NCBI,NCBI Taxonomy,taxonomy,"The NCBI Taxonomy database provides a hierarchical classification of all organisms for which sequence data exist in GenBank, covering nomenclature and systematics.",2025AB,0,ncbitaxon,https://www.nlm.nih.gov/research/umls/sourcereleasedocs/current/NCBI/index.html
MEDDRA,MEDDRA,Medical Dictionary for Regulatory Activities Terminology,terminology,A clinically validated international medical terminology dictionary-thesaurus developed by ICH for reporting adverse events and regulatory activities in pharmacovigilance.,,3,meddra,https://bioportal.bioontology.org/ontologies/MEDDRA
SNOMED,SNOMEDCT,SNOMED CT US Edition,terminology,"SNOMED CT (Systematized Nomenclature of Medicine���Clinical Terms) is the most comprehensive multilingual clinical healthcare terminology covering diseases, findings, procedures, and orga",,0,snomedct,https://bioportal.bioontology.org/ontologies/SNOMEDCT
,CDT,Code on Dental Procedures and Nomenclature,terminology,The Current Dental Terminology (CDT) is the ADA-maintained code set for reporting dental procedures and services to dental benefit plans.,2025AB,3,cdt,https://www.nlm.nih.gov/research/umls/sourcereleasedocs/current/CDT/index.html
,CTCAE,Common Terminology Criteria for Adverse Events,terminology,The Common Terminology Criteria for Adverse Events (CTCAE) is the NCI standard for classifying and grading the severity of adverse events in oncology clinical trials (current v6.0).,,0,ctcae,https://bioregistry.io/registry/ctcae
,HCPT,CPT in HCPCS,terminology,The HCPCS version of CPT; CPT codes as distributed by CMS within the Healthcare Common Procedure Coding System (Level I HCPCS).,2025AA,3,hcpt,https://www.nlm.nih.gov/research/umls/sourcereleasedocs/current/HCPT/index.html
,CPT,Current Procedural Terminology,terminology,Current Procedural Terminology (CPT) is the AMA-maintained standard five-digit code set for describing medical services and procedures by physicians and health professionals.,2025AA,3,cpt,https://www.nlm.nih.gov/research/umls/sourcereleasedocs/current/CPT/index.html
,MTHSPL,FDA Structured Product Labels,terminology,The Metathesaurus FDA Structured Product Labeling source; NLM extracts drug names and NDC codes from FDA Structured Product Labels for inclusion in UMLS/RxNorm.,2025AB,0,mthspl,https://www.nlm.nih.gov/research/umls/sourcereleasedocs/current/MTHSPL/index.html
,NDDF,FDB MedKnowledge,terminology,"The National Drug Data File (FDB MedKnowledge) is a comprehensive clinical drug knowledge base covering FDA-approved medications, OTC agents, and herbal/dietary supplements, updated weekly.",2025AB,3,nddf,https://www.nlm.nih.gov/research/umls/sourcereleasedocs/current/NDDF/index.html
,HCPCS,HCPCS - Healthcare Common Procedure Coding System,terminology,"The Healthcare Common Procedure Coding System is the CMS-maintained two-level coding system for reporting medical procedures, supplies, and services to Medicare and insurers.",2025AA,0,hcpcs,https://www.nlm.nih.gov/research/umls/sourcereleasedocs/current/HCPCS/index.html
,HL7V3.0,HL7 Version 3.0,terminology,HL7 Version 3.0 vocabulary integrated into the UMLS Metathesaurus; a model-driven XML-based messaging standard including terminologies for clinical information exchange.,2025AB,0,hl7v3.0,https://www.nlm.nih.gov/research/umls/sourcereleasedocs/current/HL7V3.0/index.html
,ICNP,International Classification for Nursing Practice,terminology,"The International Classification for Nursing Practice (ICNP) is an ICN-developed combinatorial OWL-based terminology standardizing nursing diagnoses, interventions, and outcomes across all care settings.",2023AA,3,icnp,https://www.nlm.nih.gov/research/umls/sourcereleasedocs/current/ICNP/index.html
LOINC,LOINC,Logical Observation Identifier Names and Codes,terminology,"LOINC is the international standard for identifying health measurements, laboratory tests, clinical observations, and documents; maintained by Regenstrief Institute.",,0,loinc,https://bioportal.bioontology.org/ontologies/LOINC
LOINC,LNC,Logical Observation Identifiers Names and Codes terminology,terminology,The LOINC source vocabulary as represented in the UMLS Metathesaurus; the standard terminology for laboratory and clinical observations.,2025AB,0,lnc,https://www.nlm.nih.gov/research/umls/sourcereleasedocs/current/LNC/index.html
,MVX,Manufacturers of Vaccines,terminology,The CDC-maintained HL7 Table 0227 (MVX) is an alphabetic code set identifying active and inactive vaccine manufacturers used in immunization information systems.,2025AA,0,mvx,https://www.nlm.nih.gov/research/umls/sourcereleasedocs/current/MVX/index.html
,MEDCIN,MEDCIN,terminology,"MEDCIN is a point-of-care clinical terminology with >280,000 elements covering symptoms, history, physical exam, tests, diagnoses, and therapy, designed for EHR documentation.",2025AB,3,medcin,https://www.nlm.nih.gov/research/umls/sourcereleasedocs/current/MEDCIN/index.html
MEDDRA,MDR,Medical Dictionary for Regulatory Activities,terminology,The MedDRA source vocabulary as represented in the UMLS Metathesaurus; the Medical Dictionary for Regulatory Activities used in pharmacovigilance.,2025AB,3,meddra,https://www.nlm.nih.gov/research/umls/sourcereleasedocs/current/MDR/index.html
,MED-RT,Medication Reference Terminology,terminology,Medication Reference Terminology (MED-RT) is the successor to NDF-RT from the VA; a formal ontological representation of medication terminology and pharmacologic classifications.,2025AB,0,med-rt,https://www.nlm.nih.gov/research/umls/sourcereleasedocs/current/MED-RT/index.html
,MTHCMSFRF,Metathesaurus CMS Formulary Reference File,terminology,The Metathesaurus CMS Formulary Reference File is produced by NLM from CMS's Medicare Part D formulary reference file listing drugs required for Part D plan submissions.,2025AB,0,mthcmsfrf,https://www.nlm.nih.gov/research/umls/sourcereleasedocs/current/MTHCMSFRF/index.html
,MMX,Micromedex,terminology,Micromedex (MMX) is a clinical drug knowledge base integrated into UMLS/RxNorm providing drug product information and clinical decision support content.,2025AB,3,mmx,https://www.nlm.nih.gov/research/umls/sourcereleasedocs/current/MMX/index.html
,MMSL,Multum,terminology,"The Multum MediSource Lexicon is a drug knowledge base with comprehensive drug product and disease nomenclature, updated weekly in RxNorm.",2025AB,1,mmsl,https://www.nlm.nih.gov/research/umls/sourcereleasedocs/current/MMSL/index.html
,VANDF,National Drug File,terminology,"The Veterans Administration National Drug File is the centrally maintained drug list used by VA hospitals and clinics, including clinical drugs, ingredients, and drug classes.",2025AB,0,vandf,https://www.nlm.nih.gov/research/umls/sourcereleasedocs/current/VANDF/index.html
,NDFRT,National Drug File - Reference Terminology,terminology,The National Drug File - Reference Terminology (NDF-RT) is a VA description-logic ontology of medication terminology and pharmacologic classifications; succeeded by MED-RT.,,0,ndfrt,https://bioportal.bioontology.org/ontologies/NDFRT
,NUCCHCPT,National Uniform Claim Committee - Health Care Provider Taxonomy,terminology,"The National Uniform Claim Committee CPT (NUCCHCPT) is the subset of CPT procedure codes formatted in the NUCC standard, included in UMLS.",2025AB,3,nucchcpt,https://www.nlm.nih.gov/research/umls/sourcereleasedocs/current/NUCCHCPT/index.html
NEU,NEU,Neuronames Brain Hierarchy,terminology,The NeuroNames Brain Hierarchy (NEU) UMLS source vocabulary representing the neuroanatomical term hierarchy from NeuroNames.,2023AB,3,neu,https://www.nlm.nih.gov/research/umls/sourcereleasedocs/current/NEU/index.html
,NIC,Nursing Interventions Classification,terminology,The Nursing Interventions Classification (NIC) is a comprehensive research-based standardized classification of 514 nursing interventions organized in 7 domains and 30 classes.,2024AB,3,nic,https://www.nlm.nih.gov/research/umls/sourcereleasedocs/current/NIC/index.html
,NOC,Nursing Outcomes Classification,terminology,"The Nursing Outcomes Classification (NOC) is a standardized classification of patient, family, and community outcomes used to evaluate the impact of nursing interventions.",2024AB,3,noc,https://www.nlm.nih.gov/research/umls/sourcereleasedocs/current/NOC/index.html
,PNDS,Perioperative Nursing Data Set,terminology,"The Perioperative Nursing Data Set (PNDS) is an AORN-developed standardized vocabulary of nursing diagnoses, interventions, and outcomes for perioperative care.",2025AA,3,pnds,https://www.nlm.nih.gov/research/umls/sourcereleasedocs/current/PNDS/index.html
,PHENX,PhenX Toolkit,terminology,The PhenX Toolkit is a catalog of standardized measurement protocols for phenotypes and exposures in human genomic and translational research.,,0,phenx,https://bioregistry.io/registry/phenx
,CDCREC,Race & Ethnicity - CDC,terminology,The CDC Race and Ethnicity code system provides hierarchical race and ethnicity categories used in HL7/FHIR US healthcare data standards.,2025AB,0,cdcrec,https://www.nlm.nih.gov/research/umls/sourcereleasedocs/current/CDCREC/index.html
,RCD,"Read Codes, Clinical Terms Version 3 (CTV3)",terminology,The Read Clinical Dataset (Read Codes / CTV3) is an NHS clinical terminology system for patient records; retired and merged into SNOMED CT.,,0,rcd,https://bioportal.bioontology.org/ontologies/RCD
,RXNORM,RXNORM,terminology,RxNorm is the NLM's normalized naming system for clinical drugs and branded medications providing standard names and links to pharmacy knowledge base systems; updated weekly.,2025AB,0,rxnorm,https://www.nlm.nih.gov/research/umls/sourcereleasedocs/current/RXNORM/index.html
SNOMED,SNOMEDCT_US,"SNOMED CT, US Edition",terminology,The US Edition of SNOMED CT distributed by NLM through UMLS; the US-specific release including US-specific extensions for clinical documentation.,2025AB,9,snomedct_us,https://www.nlm.nih.gov/research/umls/sourcereleasedocs/current/SNOMEDCT_US/index.html
SNOMED,SNOMEDCT_VET,"SNOMED CT, Veterinary Extension",terminology,The Veterinary Extension of SNOMED CT extends SNOMED CT with animal-specific clinical terminology for veterinary health records; distributed through UMLS.,2025AA,9,snomedct_vet,https://www.nlm.nih.gov/research/umls/sourcereleasedocs/current/SNOMEDCT_VET/index.html
,SOP,Source of Payment Typology,terminology,"The Source of Payment Typology is a hierarchical code set for classifying sources of payment (e.g. private insurance, Medicaid, Medicare) used in population health surveys and administrative health data.",2021AA,0,sop,https://www.nlm.nih.gov/research/umls/sourcereleasedocs/current/SOP/index.html
,SNMI,"Systematized Nomenclature of Medicine, International Version",terminology,"SNOMED International (SNMI) is the international version of the Systematized Nomenclature of Medicine, predecessor to SNOMED CT, with ~107,900 descriptors distributed through UMLS.",,0,snmi,https://bioportal.bioontology.org/ontologies/SNMI
UMLS,UMLS_CUI,UMLS Concept Unique Identifier,terminology,"The UMLS Concept Unique Identifier (CUI) is the core identifier system of UMLS, assigning a unique C-number to each unified biomedical concept across all integrated source vocabularies.",,0,umls,https://uts.nlm.nih.gov/
,CVX,Vaccines Administered,terminology,"CVX is the CDC-maintained HL7 code set for vaccines administered, used in immunization information systems and electronic health records.",2025AB,0,cvx,https://www.nlm.nih.gov/research/umls/sourcereleasedocs/current/CVX/index.html
UMLS,UMLS,Unified Medical Language System,terminology,The Unified Medical Language System integrates 200+ biomedical vocabularies into a unified concept framework using Concept Unique Identifiers (CUIs).,,0,umls,https://www.nlm.nih.gov/research/umls/index.html
MESH,MESH,Medical Subject Headings,thesaurus,The National Library of Medicine's controlled hierarchically organized vocabulary used for indexing and searching biomedical literature and databases.,,0,mesh,https://bioportal.bioontology.org/ontologies/MESH
,NCI,NCI Thesaurus,thesaurus,"The NCI Thesaurus (NCIt) provides reference terminology covering cancer-related diseases, findings, clinical trials, and administrative vocabulary for NIH/NCI programs.",2025AB,0,ncit,https://www.nlm.nih.gov/research/umls/sourcereleasedocs/current/NCI/index.html
,CSP,Computer Retrieval of Information on Science Projects Thesaurus,thesaurus,The CRISP Thesaurus is an NLM source vocabulary used in the UMLS for health research project terminology.,,0,csp,https://bioregistry.io/registry/csp
MESH,MSH,Medical Subject Headings,thesaurus,The MeSH source vocabulary as represented in the UMLS Metathesaurus; the NLM Medical Subject Headings controlled vocabulary for biomedical indexing.,2025AB,0,mesh,https://www.nlm.nih.gov/research/umls/sourcereleasedocs/current/MSH/index.html
,RH-MESH,Robert Hoehndorf Version of MeSH,thesaurus,RH-MESH is a restricted-use version of MeSH distributed within UMLS with additional producer-imposed restrictions on MeSH content.,,0,rh-mesh,https://bioportal.bioontology.org/ontologies/RH-MESH
